seqn,split
93705,val
93708,train
93709,val
93711,train
93713,train
93714,test
93715,val
93716,test
93717,train
93718,train
93721,train
93722,train
93723,train
93726,train
93727,val
93728,train
93729,train
93730,train
93731,train
93732,val
93735,val
93738,val
93740,test
93742,val
93743,train
93746,val
93752,train
93754,test
93755,train
93756,train
93757,train
93758,train
93759,train
93760,val
93761,train
93762,val
93763,train
93766,train
93767,train
93768,train
93770,train
93772,train
93773,train
93774,train
93775,val
93776,train
93777,test
93780,train
93781,train
93782,test
93783,train
93785,train
93788,test
93789,train
93791,train
93792,train
93794,train
93795,train
93796,test
93797,train
93798,val
93799,val
93800,val
93801,train
93805,train
93806,test
93811,train
93812,train
93813,train
93814,train
93815,train
93816,val
93817,train
93819,train
93823,test
93824,train
93825,val
93827,train
93829,train
93830,test
93831,train
93832,test
93834,train
93837,train
93839,train
93840,test
93841,train
93843,train
93845,train
93846,train
93847,train
93848,train
93849,train
93850,test
93851,train
93852,test
93853,train
93855,val
93856,train
93859,train
93861,train
93863,train
93866,train
93868,train
93869,test
93870,test
93871,train
93875,train
93877,train
93878,train
93883,val
93887,train
93888,val
93890,train
93891,train
93892,train
93893,train
93894,val
93895,test
93899,train
93900,train
93902,test
93903,train
93906,train
93907,test
93908,train
93909,val
93912,train
93913,val
93914,train
93915,train
93916,train
93918,train
93920,train
93923,train
93924,train
93926,val
93927,train
93929,val
93930,train
93931,train
93932,train
93935,train
93937,train
93939,train
93940,test
93941,train
93942,train
93945,train
93946,test
93947,train
93949,train
93950,train
93952,train
93953,train
93954,train
93955,train
93957,train
93959,train
93960,test
93963,test
93964,train
93965,val
93968,train
93969,train
93970,train
93971,train
93972,train
93974,train
93975,train
93977,train
93978,val
93980,train
93981,train
93982,train
93983,train
93984,train
93985,train
93987,train
93988,val
93989,train
93990,train
93998,test
93999,test
94002,train
94003,train
94004,train
94007,val
94008,test
94010,val
94012,test
94013,train
94015,train
94016,val
94017,test
94019,train
94021,train
94026,val
94027,train
94028,train
94029,val
94030,test
94031,train
94033,train
94034,test
94037,test
94038,test
94039,train
94040,train
94041,train
94042,train
94043,train
94044,train
94045,train
94046,train
94047,train
94048,train
94049,train
94050,train
94051,train
94053,train
94054,train
94055,train
94057,train
94058,test
94059,train
94060,val
94061,test
94065,val
94067,val
94068,train
94069,train
94071,train
94073,train
94074,train
94080,train
94081,val
94082,train
94084,train
94086,val
94092,train
94093,train
94095,train
94096,val
94097,train
94098,train
94099,train
94101,test
94105,train
94108,train
94112,train
94113,train
94114,train
94116,train
94117,val
94118,train
94119,test
94122,train
94124,train
94126,val
94127,train
94128,test
94130,test
94131,train
94133,train
94134,train
94135,train
94137,train
94138,train
94139,val
94141,test
94150,train
94151,train
94152,train
94154,train
94155,train
94156,val
94157,test
94158,train
94160,test
94161,train
94162,train
94163,train
94166,train
94168,train
94169,train
94173,train
94174,test
94175,train
94176,train
94177,train
94178,train
94179,val
94181,train
94182,test
94183,val
94187,train
94189,train
94190,train
94192,test
94193,train
94198,test
94199,train
94200,train
94201,train
94202,val
94205,val
94206,train
94207,val
94208,train
94210,train
94211,train
94212,train
94216,train
94219,test
94221,train
94223,test
94224,train
94227,train
94229,train
94232,train
94233,train
94237,train
94241,test
94242,train
94243,test
94245,train
94246,test
94247,test
94248,train
94249,train
94250,train
94251,train
94253,test
94255,train
94258,val
94259,train
94260,train
94261,train
94262,train
94265,val
94266,train
94267,train
94270,train
94273,train
94274,test
94275,train
94276,train
94277,train
94278,val
94279,train
94281,test
94283,train
94284,val
94285,train
94286,train
94287,train
94290,train
94291,train
94293,train
94295,test
94298,train
94300,train
94301,val
94302,val
94303,train
94304,train
94306,train
94309,train
94311,val
94313,train
94314,train
94319,train
94320,train
94321,test
94322,test
94323,train
94324,train
94325,train
94326,train
94327,val
94328,train
94330,val
94335,val
94336,train
94337,train
94339,test
94340,train
94341,val
94342,val
94343,train
94345,val
94348,train
94350,train
94352,val
94356,train
94359,train
94360,val
94361,train
94362,test
94365,train
94366,test
94368,train
94372,test
94373,train
94374,train
94375,train
94376,train
94377,train
94379,train
94380,val
94381,val
94382,train
94385,train
94386,test
94387,train
94388,train
94390,test
94392,train
94393,train
94398,train
94399,train
94401,train
94404,test
94405,train
94406,train
94407,val
94408,train
94409,train
94410,train
94412,train
94414,train
94415,test
94416,train
94418,train
94420,train
94421,train
94424,test
94425,test
94427,train
94428,test
94429,train
94430,test
94431,train
94432,train
94433,val
94434,test
94436,test
94438,train
94443,train
94444,test
94445,train
94446,train
94448,train
94450,train
94453,train
94457,train
94458,train
94459,train
94460,test
94463,val
94464,train
94465,train
94469,train
94470,train
94471,train
94473,train
94474,val
94475,test
94476,train
94477,train
94478,val
94479,train
94481,train
94483,val
94486,train
94487,train
94488,train
94490,test
94493,train
94497,train
94499,train
94500,test
94501,train
94503,val
94504,test
94506,train
94507,train
94508,train
94509,val
94510,train
94512,test
94515,train
94519,val
94522,test
94523,train
94525,train
94526,train
94527,train
94528,train
94529,train
94530,train
94531,train
94532,test
94534,val
94538,train
94539,train
94541,train
94542,val
94547,val
94549,train
94552,train
94553,train
94554,train
94557,train
94558,test
94559,train
94560,train
94564,train
94565,train
94568,val
94569,val
94570,train
94571,train
94573,val
94575,train
94576,train
94577,train
94578,test
94579,train
94583,train
94586,train
94589,train
94590,val
94591,train
94594,train
94595,train
94596,train
94600,train
94605,train
94606,train
94607,train
94608,val
94609,train
94615,train
94616,train
94618,train
94619,val
94623,train
94624,train
94625,val
94627,train
94631,train
94632,train
94633,train
94634,test
94638,train
94640,train
94641,test
94642,train
94644,train
94647,val
94648,test
94649,train
94650,val
94651,train
94652,val
94654,train
94660,val
94663,val
94664,test
94666,val
94669,train
94670,val
94672,test
94673,val
94676,test
94677,test
94678,train
94679,train
94681,train
94684,train
94685,train
94686,val
94687,test
94688,train
94689,train
94693,train
94695,val
94696,test
94697,val
94698,train
94704,train
94705,train
94706,train
94707,val
94708,train
94710,test
94711,train
94713,train
94716,train
94719,train
94720,train
94721,train
94724,train
94725,val
94726,val
94729,train
94730,train
94731,train
94732,train
94735,train
94736,train
94739,val
94740,train
94744,train
94747,train
94748,train
94750,val
94752,train
94753,test
94754,train
94755,train
94760,train
94761,train
94763,train
94764,train
94765,test
94766,train
94767,train
94768,val
94771,train
94773,train
94775,train
94776,test
94777,train
94779,val
94780,train
94783,train
94785,train
94786,train
94788,train
94792,test
94793,train
94795,test
94797,test
94801,test
94802,val
94805,val
94806,train
94808,test
94809,train
94810,train
94811,train
94812,train
94813,train
94819,train
94826,train
94829,train
94831,train
94832,train
94834,train
94835,train
94836,train
94837,val
94844,train
94847,val
94848,test
94850,train
94852,test
94854,train
94855,test
94856,train
94857,val
94858,train
94860,test
94861,train
94862,train
94863,test
94867,train
94868,train
94872,val
94873,train
94877,train
94878,train
94879,train
94882,train
94883,train
94885,val
94887,test
94889,test
94890,train
94891,train
94892,train
94893,val
94894,train
94895,train
94896,train
94898,val
94899,train
94902,test
94903,train
94906,train
94907,train
94908,test
94909,train
94916,train
94918,test
94920,train
94921,train
94922,train
94924,val
94926,train
94927,train
94929,test
94930,train
94931,val
94933,train
94935,test
94936,train
94937,train
94938,test
94939,train
94940,train
94941,train
94945,train
94946,train
94950,val
94952,val
94953,train
94954,train
94957,test
94958,test
94959,train
94960,train
94962,train
94964,val
94966,train
94967,train
94968,train
94969,train
94970,val
94972,train
94975,train
94977,train
94979,val
94980,test
94982,val
94984,train
94986,test
94987,val
94989,train
94990,test
94991,val
94993,train
94995,train
94997,train
94998,train
95000,test
95001,train
95002,test
95004,train
95005,train
95007,train
95011,test
95013,train
95014,train
95016,train
95019,train
95020,train
95025,train
95026,train
95027,train
95028,val
95029,train
95030,train
95031,train
95033,train
95034,train
95035,train
95036,train
95037,test
95039,train
95040,train
95041,train
95042,train
95043,train
95044,train
95045,train
95046,train
95047,val
95048,train
95051,train
95052,train
95053,test
95055,train
95056,train
95057,train
95058,train
95059,val
95060,train
95061,test
95062,val
95063,train
95064,train
95066,test
95067,train
95068,train
95069,val
95070,test
95071,train
95073,val
95074,train
95075,train
95077,test
95080,train
95083,train
95088,val
95089,train
95091,train
95093,train
95094,train
95095,test
95096,train
95097,val
95098,train
95099,train
95101,test
95102,train
95103,train
95105,test
95110,train
95113,train
95114,train
95115,train
95116,train
95118,test
95121,train
95123,test
95124,val
95126,test
95128,train
95129,test
95131,train
95134,train
95135,train
95137,train
95138,train
95140,train
95143,train
95148,val
95149,train
95151,val
95152,train
95153,train
95155,train
95157,test
95160,train
95163,val
95165,train
95168,train
95169,test
95170,train
95171,train
95172,train
95173,train
95174,train
95177,test
95179,val
95181,train
95182,train
95184,train
95186,train
95189,train
95190,train
95191,val
95197,train
95199,train
95200,train
95202,train
95203,train
95206,val
95207,train
95208,train
95209,train
95210,train
95211,test
95213,test
95214,test
95215,train
95216,train
95220,test
95221,train
95222,train
95224,train
95227,train
95228,train
95231,train
95232,train
95233,val
95236,train
95237,test
95238,train
95239,train
95242,train
95243,val
95244,train
95247,train
95249,train
95250,train
95251,train
95252,train
95255,train
95256,train
95257,train
95258,train
95259,train
95260,train
95261,train
95262,train
95265,train
95266,val
95268,train
95272,val
95273,val
95274,train
95275,train
95276,train
95278,train
95279,train
95280,train
95281,val
95284,train
95287,train
95288,val
95289,train
95296,train
95298,train
95302,train
95308,train
95310,train
95312,train
95313,train
95315,train
95316,train
95318,train
95319,train
95321,train
95323,test
95324,train
95325,val
95326,train
95329,test
95330,train
95332,train
95333,train
95334,train
95338,train
95342,test
95346,val
95348,train
95351,train
95352,test
95353,train
95356,train
95357,train
95358,test
95360,train
95361,test
95362,val
95364,test
95366,train
95367,train
95372,test
95374,train
95375,train
95377,train
95378,train
95379,test
95380,train
95382,train
95385,train
95389,train
95391,train
95392,train
95393,train
95394,train
95397,test
95401,val
95402,test
95403,val
95405,train
95406,train
95410,train
95411,train
95412,train
95413,train
95414,val
95415,test
95416,val
95417,train
95418,train
95419,test
95421,train
95422,train
95423,train
95424,val
95425,test
95427,train
95429,train
95431,train
95434,train
95436,train
95437,test
95442,train
95444,test
95445,train
95446,val
95447,train
95448,test
95449,train
95450,train
95452,train
95453,test
95454,val
95455,train
95459,train
95465,train
95466,test
95467,train
95468,val
95469,train
95471,train
95472,train
95473,train
95474,train
95479,train
95480,test
95484,train
95486,test
95488,train
95492,test
95493,test
95494,train
95495,train
95499,train
95500,test
95501,train
95503,train
95504,train
95505,train
95506,val
95508,train
95509,train
95510,train
95514,train
95515,test
95519,train
95522,test
95524,train
95525,train
95526,val
95527,train
95528,train
95531,train
95533,train
95534,train
95535,train
95537,test
95539,train
95540,train
95541,train
95542,train
95543,train
95544,train
95547,train
95548,train
95549,train
95550,train
95551,val
95553,val
95556,test
95557,train
95559,train
95561,train
95563,train
95565,train
95566,train
95568,train
95569,train
95571,train
95572,val
95573,train
95574,train
95575,test
95576,train
95577,train
95578,train
95579,train
95581,train
95582,train
95583,train
95586,val
95587,train
95588,train
95589,val
95590,train
95591,train
95593,val
95594,train
95595,train
95597,train
95598,train
95599,train
95600,test
95601,train
95602,train
95606,test
95607,train
95608,train
95609,train
95610,val
95611,train
95612,test
95615,train
95617,val
95621,train
95622,train
95623,train
95625,train
95626,train
95629,train
95630,train
95633,train
95636,train
95637,train
95639,test
95641,test
95643,train
95644,val
95645,train
95648,train
95649,test
95651,train
95652,train
95654,train
95655,test
95656,train
95657,train
95658,train
95659,train
95662,train
95663,train
95664,val
95665,val
95666,train
95668,val
95669,train
95671,train
95672,val
95673,train
95674,train
95675,val
95676,train
95678,train
95680,train
95681,train
95684,val
95685,train
95687,val
95689,train
95690,train
95692,train
95694,test
95696,train
95698,train
95699,train
95700,train
95703,train
95704,test
95708,val
95710,test
95711,test
95713,train
95714,val
95716,train
95717,train
95718,train
95719,train
95720,val
95722,train
95723,train
95725,val
95726,test
95727,test
95729,train
95731,train
95733,val
95734,train
95736,train
95738,test
95743,train
95744,val
95745,train
95748,train
95752,train
95754,train
95756,train
95759,train
95761,train
95762,val
95763,train
95765,train
95767,train
95768,test
95769,train
95770,val
95771,train
95772,train
95773,test
95775,train
95777,train
95778,train
95780,train
95785,train
95787,train
95788,train
95789,train
95791,train
95792,test
95793,train
95794,train
95798,test
95799,test
95802,val
95803,train
95807,train
95809,train
95811,train
95812,train
95813,test
95814,train
95819,val
95820,train
95822,train
95824,test
95825,train
95828,val
95829,train
95831,test
95833,train
95835,train
95836,test
95838,test
95839,train
95841,val
95843,val
95844,train
95846,test
95848,test
95849,train
95850,train
95851,train
95853,train
95854,train
95855,train
95858,train
95860,train
95862,train
95863,train
95864,train
95865,train
95866,train
95867,train
95868,train
95869,test
95870,train
95873,train
95875,train
95877,train
95880,train
95881,test
95882,train
95883,train
95886,train
95891,train
95896,train
95899,test
95900,train
95902,train
95903,train
95904,train
95908,val
95910,train
95911,test
95912,val
95913,test
95914,train
95915,test
95917,train
95919,test
95922,val
95924,train
95928,val
95931,train
95936,train
95939,train
95944,train
95945,train
95950,train
95951,test
95952,val
95955,train
95962,train
95964,train
95966,val
95968,val
95969,val
95971,train
95973,val
95976,train
95977,train
95978,train
95979,train
95981,train
95983,train
95985,val
95986,train
95987,train
95988,train
95990,train
95991,train
95992,train
95993,train
95995,train
95996,train
95997,val
95998,train
96000,train
96001,train
96002,train
96003,train
96004,train
96006,test
96008,val
96010,train
96011,train
96014,train
96016,train
96017,test
96019,train
96020,test
96022,train
96023,train
96025,train
96027,train
96029,train
96030,train
96031,train
96033,train
96034,val
96035,train
96037,val
96038,train
96041,val
96044,train
96048,test
96049,train
96050,val
96056,val
96061,val
96063,test
96064,train
96065,train
96066,train
96067,train
96070,train
96074,test
96077,train
96079,test
96082,train
96084,test
96085,val
96086,test
96087,train
96088,train
96089,train
96090,val
96091,train
96092,train
96093,train
96094,train
96096,train
96097,test
96098,test
96099,train
96100,train
96101,train
96103,val
96105,train
96108,val
96111,train
96112,train
96114,train
96115,train
96116,train
96117,train
96120,train
96121,test
96122,train
96123,test
96124,train
96125,train
96130,train
96133,train
96134,train
96135,train
96136,train
96137,train
96138,train
96139,test
96140,train
96141,train
96143,val
96144,val
96145,val
96147,val
96149,train
96150,train
96151,train
96152,train
96156,train
96158,val
96159,train
96160,train
96162,train
96163,train
96164,train
96165,train
96169,train
96170,train
96171,train
96172,val
96175,val
96178,train
96179,train
96181,train
96184,test
96185,test
96186,train
96188,train
96189,train
96190,train
96191,val
96195,val
96196,train
96198,train
96205,train
96210,train
96211,train
96216,train
96217,train
96219,train
96220,train
96221,train
96222,train
96223,val
96224,train
96226,train
96229,train
96230,train
96234,train
96236,train
96237,train
96239,val
96240,train
96242,train
96243,train
96244,train
96245,val
96249,train
96250,train
96252,val
96253,train
96257,test
96264,train
96265,test
96266,train
96268,val
96269,train
96270,train
96271,train
96272,train
96275,train
96276,train
96279,train
96282,train
96283,val
96284,train
96287,test
96290,val
96291,val
96293,train
96295,train
96296,train
96297,train
96299,val
96301,train
96302,test
96304,train
96306,val
96308,train
96309,train
96310,test
96312,train
96313,test
96317,val
96318,train
96319,val
96320,train
96321,train
96322,test
96323,test
96325,val
96329,test
96330,train
96332,test
96333,train
96335,train
96336,train
96337,val
96339,train
96340,test
96342,train
96344,train
96346,train
96348,val
96349,train
96351,train
96352,train
96355,test
96357,val
96358,train
96360,train
96362,val
96365,test
96366,train
96367,test
96368,train
96370,test
96372,train
96373,train
96377,train
96379,val
96380,train
96382,val
96385,test
96386,train
96389,train
96390,train
96392,val
96393,train
96396,test
96398,train
96399,test
96400,test
96403,train
96404,test
96405,train
96406,test
96408,train
96409,val
96411,val
96413,test
96415,train
96416,train
96417,test
96420,val
96422,test
96426,test
96428,train
96431,val
96432,train
96433,train
96436,test
96439,val
96441,train
96443,train
96444,train
96445,train
96446,train
96448,test
96449,train
96450,train
96451,train
96452,test
96453,test
96455,train
96456,train
96457,train
96462,val
96463,train
96465,test
96466,val
96468,train
96469,train
96471,train
96473,train
96474,train
96475,train
96476,val
96477,train
96479,train
96480,train
96481,val
96483,train
96484,test
96485,train
96486,train
96488,train
96489,train
96490,test
96491,train
96495,test
96497,train
96500,train
96501,test
96502,train
96503,train
96505,val
96507,test
96508,test
96509,train
96510,train
96511,train
96512,train
96513,train
96514,train
96515,train
96517,train
96519,val
96521,train
96522,val
96523,train
96525,val
96526,train
96529,train
96532,train
96534,train
96537,test
96538,train
96540,train
96543,val
96546,train
96547,val
96548,train
96551,test
96552,train
96553,test
96554,train
96555,train
96557,test
96558,train
96560,train
96561,train
96566,train
96568,train
96569,train
96571,train
96573,test
96574,train
96576,train
96578,test
96580,train
96582,test
96583,train
96585,train
96586,train
96587,train
96588,test
96590,val
96592,val
96593,train
96594,val
96596,train
96598,train
96599,train
96600,val
96602,train
96603,train
96607,train
96608,train
96609,train
96610,train
96614,train
96615,train
96616,train
96618,val
96619,train
96622,train
96623,train
96624,train
96625,train
96626,train
96628,train
96629,val
96630,train
96631,train
96633,val
96634,test
96636,train
96638,train
96639,train
96641,train
96642,train
96644,train
96646,train
96649,train
96651,train
96652,train
96653,train
96654,val
96656,train
96657,train
96658,val
96659,train
96660,train
96661,train
96663,train
96666,train
96667,train
96669,train
96671,test
96672,train
96674,test
96677,test
96679,val
96681,test
96683,train
96687,val
96688,val
96692,train
96694,test
96695,train
96697,train
96698,train
96699,test
96700,train
96701,val
96704,train
96705,train
96706,test
96707,train
96708,test
96711,val
96712,test
96718,test
96719,train
96720,train
96721,train
96722,train
96723,train
96725,train
96726,train
96727,val
96730,train
96731,val
96732,train
96736,val
96737,train
96739,train
96740,train
96743,val
96744,train
96745,train
96748,test
96750,train
96752,train
96753,train
96754,train
96758,train
96760,train
96764,train
96766,train
96768,train
96770,train
96771,train
96774,val
96775,train
96777,train
96780,train
96783,train
96784,train
96785,train
96787,val
96788,test
96789,train
96790,val
96792,train
96793,train
96795,val
96798,train
96799,test
96800,train
96804,train
96805,test
96809,train
96810,train
96811,train
96812,test
96813,test
96815,train
96816,train
96818,train
96820,train
96821,test
96826,train
96827,val
96829,train
96830,train
96833,train
96834,train
96835,train
96836,train
96838,test
96839,train
96840,train
96841,test
96842,train
96844,train
96847,train
96848,train
96851,val
96852,train
96854,train
96855,test
96860,test
96862,val
96863,val
96865,train
96866,train
96868,test
96869,train
96871,train
96873,train
96874,val
96875,val
96876,train
96877,val
96878,train
96879,train
96882,val
96884,train
96885,train
96887,train
96890,train
96891,train
96892,train
96893,test
96894,train
96895,train
96896,test
96898,train
96899,test
96900,train
96901,train
96902,train
96903,train
96906,train
96907,train
96908,train
96912,val
96913,train
96915,train
96916,train
96921,train
96922,train
96925,train
96926,test
96927,train
96928,train
96930,train
96933,train
96934,val
96935,train
96938,test
96939,train
96940,val
96941,train
96944,train
96946,train
96948,train
96951,train
96952,val
96953,train
96954,train
96955,train
96956,test
96958,train
96959,train
96960,test
96962,test
96964,test
96965,train
96966,train
96967,train
96969,train
96970,val
96972,val
96975,val
96976,train
96978,test
96979,train
96983,train
96984,train
96985,train
96989,train
96990,train
96992,train
96993,train
96994,train
96996,train
96998,train
97000,test
97003,train
97009,train
97011,train
97013,train
97015,train
97017,train
97018,train
97019,val
97021,test
97022,train
97023,train
97024,train
97025,train
97026,test
97027,train
97029,train
97030,train
97031,test
97032,test
97034,train
97035,train
97036,train
97037,train
97038,train
97039,train
97040,train
97041,test
97042,train
97044,test
97046,train
97048,val
97049,val
97051,test
97054,val
97055,train
97056,train
97057,train
97058,train
97059,train
97060,train
97063,train
97064,train
97065,train
97067,test
97071,train
97077,train
97078,test
97080,val
97088,train
97092,train
97093,test
97094,train
97095,train
97096,val
97097,train
97099,train
97100,train
97102,train
97103,train
97104,train
97105,train
97106,train
97107,train
97108,test
97109,train
97111,train
97115,val
97116,train
97117,train
97118,train
97120,train
97121,val
97122,val
97123,test
97124,train
97125,train
97128,train
97129,train
97131,train
97133,train
97137,train
97138,train
97139,train
97140,test
97142,train
97143,train
97145,val
97147,train
97149,val
97150,train
97152,train
97153,train
97155,train
97156,train
97157,train
97161,train
97163,val
97164,train
97165,train
97166,train
97168,train
97169,train
97171,train
97174,train
97176,train
97177,train
97178,train
97180,train
97181,train
97183,train
97186,train
97188,test
97189,train
97191,train
97192,train
97193,val
97194,train
97197,train
97198,train
97200,train
97201,train
97204,train
97206,test
97208,train
97209,val
97210,train
97211,val
97216,train
97217,train
97221,train
97222,train
97223,val
97224,train
97225,train
97228,train
97229,val
97231,train
97233,train
97234,val
97235,train
97236,train
97237,train
97242,test
97245,train
97247,train
97248,train
97249,test
97250,train
97251,train
97252,train
97253,val
97255,val
97256,train
97257,train
97259,train
97260,val
97263,test
97264,train
97266,train
97268,train
97270,train
97272,test
97274,train
97275,train
97277,val
97278,train
97280,train
97282,train
97284,train
97289,train
97293,train
97297,train
97299,train
97301,train
97304,train
97305,val
97306,train
97307,val
97308,test
97314,val
97316,test
97319,train
97320,test
97321,train
97322,train
97323,train
97325,train
97326,train
97327,train
97330,train
97332,train
97333,train
97334,val
97336,train
97337,train
97338,val
97339,train
97343,test
97348,val
97349,train
97352,train
97353,train
97354,train
97356,train
97357,train
97360,train
97361,val
97362,train
97364,test
97365,train
97367,val
97370,train
97371,train
97373,test
97374,train
97375,train
97379,train
97380,test
97381,val
97382,train
97383,train
97384,train
97386,train
97388,train
97389,train
97390,train
97391,train
97396,train
97397,val
97398,test
97402,train
97403,train
97407,test
97408,test
97409,train
97410,train
97412,train
97415,train
97417,train
97418,test
97419,train
97420,test
97422,train
97423,train
97424,val
97428,test
97429,test
97430,train
97436,train
97437,train
97441,train
97443,train
97444,train
97445,train
97446,train
97449,train
97450,train
97451,train
97452,train
97455,train
97456,train
97458,train
97460,train
97462,test
97463,train
97464,test
97465,train
97468,train
97469,train
97471,train
97472,train
97473,train
97474,train
97478,train
97481,train
97482,val
97484,train
97485,test
97486,train
97487,train
97488,train
97492,train
97495,train
97497,test
97500,val
97501,train
97505,train
97506,train
97507,train
97509,test
97510,train
97512,test
97513,train
97516,train
97518,test
97520,train
97521,train
97522,train
97523,train
97524,train
97526,val
97527,test
97531,test
97532,train
97533,train
97535,test
97536,train
97537,train
97538,train
97539,train
97541,train
97548,train
97550,test
97554,test
97555,train
97557,test
97558,train
97560,val
97561,train
97563,train
97568,train
97569,val
97570,train
97571,train
97572,test
97573,train
97574,test
97575,train
97576,val
97577,train
97578,train
97580,test
97582,train
97585,train
97588,test
97591,train
97592,test
97593,train
97594,train
97595,test
97597,train
97598,train
97600,train
97601,val
97602,val
97605,train
97606,train
97608,train
97609,train
97610,train
97611,train
97617,test
97618,test
97619,train
97620,train
97623,train
97624,train
97626,val
97627,train
97629,train
97630,train
97635,train
97638,train
97639,train
97640,train
97641,train
97642,test
97643,train
97644,train
97648,train
97650,test
97656,train
97657,train
97659,test
97661,train
97662,test
97666,train
97667,train
97668,train
97670,train
97671,train
97672,train
97675,val
97676,train
97683,train
97684,train
97685,train
97688,train
97689,val
97691,val
97692,test
97693,val
97695,train
97697,train
97698,test
97699,val
97701,val
97702,train
97703,val
97704,train
97705,train
97706,train
97708,train
97709,train
97711,train
97712,val
97713,train
97714,train
97716,train
97719,train
97722,val
97724,test
97726,test
97727,train
97728,train
97735,train
97737,train
97739,train
97740,train
97741,train
97744,test
97745,train
97746,train
97747,train
97748,train
97750,train
97751,train
97752,train
97753,train
97756,train
97758,train
97760,train
97761,val
97762,train
97763,val
97764,test
97765,val
97766,test
97768,train
97769,train
97770,train
97771,train
97773,test
97774,train
97775,train
97776,val
97777,train
97779,test
97782,train
97783,train
97784,train
97787,train
97788,train
97790,test
97794,test
97795,train
97801,val
97802,train
97809,train
97810,test
97811,train
97813,train
97817,train
97822,val
97823,train
97827,train
97828,train
97829,train
97830,val
97832,val
97835,train
97840,train
97841,test
97845,train
97847,train
97848,train
97850,train
97851,val
97853,train
97859,val
97861,train
97866,train
97869,train
97871,test
97874,train
97876,train
97877,train
97878,train
97883,test
97886,train
97891,val
97894,train
97895,val
97896,train
97897,train
97899,train
97901,test
97902,test
97903,train
97904,test
97905,train
97908,train
97909,val
97915,train
97916,train
97919,train
97923,test
97924,train
97926,train
97928,train
97929,val
97930,val
97934,val
97935,train
97937,train
97938,train
97940,test
97941,train
97944,train
97945,train
97946,train
97947,train
97948,train
97949,train
97950,train
97951,test
97952,test
97954,train
97955,test
97956,test
97958,train
97959,test
97960,train
97963,test
97964,train
97965,test
97966,train
97967,val
97969,val
97970,train
97971,train
97972,train
97973,train
97974,train
97976,train
97977,train
97978,train
97980,train
97982,train
97983,train
97985,train
97986,train
97987,test
97995,train
97996,val
97997,train
97999,train
98005,train
98006,train
98007,train
98008,train
98009,train
98010,train
98014,train
98015,test
98016,test
98018,train
98019,test
98023,val
98024,train
98028,val
98029,val
98030,val
98031,train
98032,train
98033,test
98034,test
98035,train
98036,train
98040,train
98041,train
98043,val
98045,train
98046,train
98047,train
98048,train
98049,val
98052,train
98054,test
98056,test
98057,train
98058,train
98060,train
98062,train
98065,train
98071,train
98073,train
98075,train
98077,val
98081,train
98082,train
98083,val
98084,val
98085,train
98087,test
98088,test
98092,train
98094,train
98095,train
98096,train
98097,test
98099,test
98100,train
98101,val
98102,train
98103,train
98106,val
98107,val
98109,val
98110,train
98113,train
98114,test
98119,test
98120,train
98121,train
98124,val
98125,train
98130,train
98131,val
98133,train
98134,train
98135,train
98137,val
98138,train
98139,train
98141,train
98142,test
98143,train
98144,val
98145,train
98147,train
98148,train
98152,train
98153,train
98156,val
98158,val
98161,val
98162,train
98165,test
98168,train
98169,train
98172,train
98173,train
98174,val
98175,train
98178,train
98180,train
98187,val
98189,train
98194,train
98195,train
98197,train
98198,train
98202,train
98203,test
98204,train
98205,train
98207,val
98208,train
98209,train
98211,train
98214,train
98215,train
98216,train
98218,val
98220,train
98222,train
98223,train
98225,train
98227,train
98228,val
98230,train
98236,train
98238,test
98241,test
98242,train
98243,train
98244,train
98250,val
98251,train
98253,train
98256,val
98257,test
98258,test
98259,train
98262,train
98264,train
98266,train
98267,test
98269,test
98270,train
98271,train
98272,train
98274,train
98280,train
98284,train
98285,train
98287,train
98288,test
98289,train
98292,test
98293,test
98295,train
98298,train
98299,train
98300,train
98301,train
98302,train
98303,test
98304,train
98308,val
98309,test
98310,train
98314,train
98316,test
98318,val
98320,val
98322,train
98323,train
98326,val
98328,train
98331,train
98332,train
98333,train
98334,train
98336,train
98338,train
98339,train
98341,val
98343,train
98344,train
98345,test
98347,val
98350,train
98351,train
98353,test
98354,train
98355,test
98357,train
98358,val
98360,train
98364,train
98366,train
98368,test
98369,train
98370,val
98371,train
98372,train
98373,train
98374,train
98376,train
98379,test
98381,test
98383,train
98384,train
98385,val
98390,train
98391,train
98392,train
98393,test
98394,test
98395,val
98399,val
98401,test
98402,test
98403,train
98412,test
98413,train
98414,train
98416,train
98417,train
98420,train
98421,test
98422,train
98423,train
98424,val
98426,train
98428,train
98429,train
98431,train
98433,train
98435,test
98436,train
98437,train
98438,train
98441,train
98442,test
98443,train
98444,train
98445,train
98447,train
98448,train
98452,train
98454,train
98456,train
98457,train
98458,train
98460,train
98461,train
98462,val
98463,train
98469,train
98470,train
98473,val
98474,train
98475,train
98479,train
98481,train
98483,train
98485,test
98489,train
98490,train
98491,train
98494,val
98495,train
98496,train
98498,train
98500,train
98501,val
98502,val
98506,test
98508,train
98509,val
98512,train
98514,train
98517,train
98521,train
98523,train
98524,test
98526,train
98527,train
98528,train
98529,train
98530,train
98531,train
98535,test
98536,train
98537,train
98540,train
98541,train
98542,train
98544,test
98545,train
98548,train
98549,test
98550,train
98551,train
98553,train
98554,train
98555,train
98556,train
98557,val
98558,train
98561,train
98562,test
98564,train
98565,train
98568,train
98569,train
98571,val
98574,train
98579,train
98581,train
98585,train
98586,test
98589,train
98592,test
98594,val
98595,train
98597,train
98598,val
98599,val
98600,train
98601,val
98602,train
98603,train
98605,val
98606,train
98609,val
98610,train
98611,train
98614,train
98615,train
98616,test
98617,test
98622,train
98624,train
98627,train
98628,val
98629,train
98630,train
98631,train
98634,train
98638,test
98641,train
98645,train
98646,test
98648,train
98649,val
98650,train
98651,train
98653,train
98656,test
98657,val
98661,train
98662,val
98666,val
98667,train
98669,train
98673,train
98675,val
98677,train
98679,test
98680,train
98681,train
98682,train
98684,train
98685,train
98687,train
98689,test
98690,train
98691,train
98692,val
98693,train
98694,train
98698,train
98699,val
98701,train
98703,train
98705,test
98707,train
98708,train
98710,train
98711,train
98713,test
98714,test
98716,train
98717,train
98718,train
98721,test
98722,train
98724,train
98725,train
98726,val
98728,train
98729,train
98732,train
98733,train
98734,test
98740,train
98741,train
98742,train
98743,train
98744,train
98745,train
98746,train
98747,train
98748,val
98749,train
98751,train
98752,test
98755,train
98756,train
98757,test
98759,train
98762,train
98763,train
98767,train
98768,train
98769,test
98770,train
98772,train
98775,train
98776,train
98778,val
98780,train
98781,val
98782,train
98783,val
98784,val
98788,train
98789,train
98790,train
98791,test
98793,train
98796,val
98797,train
98799,val
98803,train
98804,val
98806,train
98807,train
98810,train
98812,train
98813,train
98814,val
98815,train
98817,train
98819,train
98820,train
98821,train
98822,train
98823,train
98824,test
98827,train
98828,train
98830,train
98832,test
98833,test
98834,val
98837,val
98838,train
98839,train
98840,train
98842,val
98843,train
98844,train
98845,train
98846,train
98847,train
98848,train
98851,train
98853,train
98854,val
98857,val
98858,train
98864,val
98865,test
98867,train
98868,train
98869,test
98870,val
98872,test
98876,train
98877,train
98878,train
98880,train
98884,val
98891,train
98892,train
98893,train
98894,train
98895,train
98898,val
98899,train
98900,train
98901,train
98902,train
98903,train
98904,train
98905,train
98906,train
98907,train
98909,train
98910,val
98912,train
98914,train
98916,test
98917,test
98918,train
98920,val
98921,train
98922,train
98923,train
98924,train
98925,train
98926,val
98928,val
98929,train
98931,test
98932,train
98933,train
98934,val
98935,val
98936,train
98940,test
98941,train
98944,test
98945,val
98946,train
98947,train
98948,train
98951,train
98952,val
98955,train
98957,train
98958,train
98959,train
98960,train
98961,test
98964,train
98965,train
98966,train
98968,test
98971,val
98972,train
98976,train
98977,train
98980,train
98981,train
98982,train
98983,train
98985,test
98988,val
98989,test
98990,train
98992,train
98994,train
98995,train
98996,train
98997,test
98998,train
99001,val
99002,test
99005,train
99007,train
99009,train
99011,train
99012,train
99014,val
99016,train
99018,train
99019,test
99023,test
99024,train
99025,train
99026,train
99028,train
99029,train
99033,test
99036,train
99038,train
99042,test
99044,test
99047,train
99056,train
99057,val
99058,train
99060,train
99062,train
99063,val
99064,train
99067,test
99068,train
99069,train
99070,train
99074,train
99081,train
99083,train
99084,val
99087,val
99089,test
99095,train
99098,test
99099,train
99100,train
99101,val
99102,train
99103,train
99104,train
99105,train
99108,val
99110,test
99111,train
99114,train
99116,train
99117,train
99121,val
99123,train
99125,train
99127,train
99128,train
99130,train
99131,train
99133,train
99134,train
99136,train
99138,train
99140,test
99144,train
99148,val
99151,train
99152,train
99153,train
99154,train
99155,train
99156,train
99157,train
99159,test
99160,train
99167,test
99168,train
99169,train
99171,train
99172,val
99174,test
99175,train
99176,train
99178,train
99179,train
99181,test
99182,test
99183,train
99186,train
99187,train
99188,test
99190,train
99191,train
99193,test
99194,train
99195,train
99197,train
99198,val
99200,train
99204,test
99207,train
99208,train
99209,train
99210,train
99212,train
99220,train
99222,train
99224,train
99226,train
99227,train
99230,val
99231,train
99232,test
99233,train
99234,train
99237,train
99239,train
99240,test
99241,train
99242,train
99243,train
99246,train
99247,train
99248,val
99251,train
99255,train
99256,train
99257,val
99258,train
99259,val
99260,test
99262,train
99263,train
99265,val
99269,train
99270,val
99271,test
99274,test
99277,val
99278,train
99279,train
99280,train
99282,train
99283,train
99284,train
99285,train
99287,val
99289,train
99290,train
99291,val
99292,train
99293,train
99296,train
99297,train
99298,train
99299,val
99300,train
99303,train
99304,train
99305,train
99308,train
99309,train
99310,train
99311,train
99312,val
99313,train
99315,train
99316,test
99318,train
99320,train
99321,val
99322,train
99327,test
99329,train
99330,train
99332,train
99333,val
99335,test
99338,train
99339,val
99340,val
99341,train
99343,train
99344,test
99345,train
99346,train
99348,val
99349,val
99351,train
99353,test
99358,train
99359,test
99361,train
99364,train
99366,train
99370,train
99372,train
99374,train
99376,train
99377,train
99378,test
99380,train
99381,train
99383,train
99385,train
99387,test
99388,train
99389,train
99390,train
99391,train
99392,train
99393,test
99394,train
99396,train
99400,val
99401,train
99402,train
99404,train
99405,train
99407,train
99410,train
99412,val
99415,train
99416,train
99418,test
99419,train
99420,train
99421,val
99422,train
99424,train
99425,val
99427,train
99429,test
99430,test
99431,train
99434,test
99435,train
99436,train
99437,train
99438,train
99439,test
99440,val
99441,train
99442,train
99443,train
99444,train
99446,train
99448,train
99449,train
99452,train
99454,test
99456,train
99457,train
99459,train
99460,val
99461,train
99463,train
99464,train
99465,train
99466,val
99469,train
99470,train
99473,train
99474,train
99475,train
99477,train
99479,train
99481,train
99483,train
99484,val
99486,train
99488,train
99489,val
99492,train
99494,train
99495,train
99496,val
99497,test
99498,train
99499,test
99500,train
99501,test
99503,val
99505,train
99506,train
99507,test
99509,train
99510,train
99511,train
99512,train
99513,test
99514,train
99517,train
99518,train
99519,val
99521,train
99522,test
99524,train
99525,train
99526,train
99531,test
99532,val
99533,val
99534,train
99535,train
99536,test
99538,train
99539,train
99540,test
99541,test
99543,train
99545,train
99548,train
99554,train
99556,train
99563,val
99564,train
99565,train
99568,train
99573,test
99574,train
99575,train
99577,train
99580,train
99583,train
99584,train
99585,test
99589,train
99590,val
99593,val
99596,train
99597,val
99599,train
99600,val
99602,train
99603,test
99605,train
99606,train
99609,train
99610,train
99613,train
99615,test
99616,val
99618,train
99619,train
99621,train
99622,train
99624,val
99625,train
99628,train
99630,train
99631,train
99633,train
99635,test
99636,val
99637,train
99641,train
99643,test
99645,train
99647,train
99653,train
99655,train
99658,train
99659,train
99660,train
99661,test
99662,train
99665,train
99668,train
99670,train
99672,train
99674,val
99675,train
99676,train
99678,val
99679,train
99680,test
99682,val
99683,train
99684,train
99686,train
99689,train
99691,train
99694,train
99695,train
99698,train
99700,val
99702,train
99703,train
99705,train
99708,train
99709,train
99710,train
99711,train
99714,val
99715,train
99716,train
99717,train
99719,test
99720,train
99721,train
99724,train
99726,train
99727,train
99736,train
99740,test
99741,train
99742,train
99743,train
99744,train
99745,train
99747,train
99749,train
99751,train
99754,train
99758,train
99759,test
99760,train
99761,train
99762,val
99763,train
99765,train
99766,train
99768,test
99772,train
99774,train
99776,test
99777,train
99778,test
99779,val
99782,train
99783,train
99785,train
99786,val
99790,train
99792,test
99793,train
99795,train
99797,test
99798,train
99804,train
99806,val
99807,train
99808,val
99811,train
99813,test
99815,train
99816,val
99817,val
99819,train
99820,train
99822,train
99824,train
99825,test
99831,train
99833,test
99834,test
99838,test
99839,train
99840,train
99841,val
99842,val
99844,train
99848,train
99851,train
99852,train
99854,train
99855,train
99856,train
99857,train
99858,train
99861,train
99864,train
99866,train
99867,val
99868,val
99869,test
99870,train
99871,test
99872,test
99873,val
99874,train
99876,train
99879,train
99881,val
99883,train
99884,train
99885,train
99886,test
99887,val
99890,train
99891,train
99893,train
99894,train
99895,train
99896,train
99898,test
99899,train
99900,train
99901,train
99905,train
99907,train
99908,val
99909,train
99910,train
99913,train
99914,train
99918,train
99919,test
99920,test
99922,train
99924,train
99925,train
99926,val
99927,train
99928,train
99929,train
99930,train
99931,val
99932,train
99934,train
99935,train
99937,train
99938,train
99939,val
99941,test
99942,train
99945,test
99947,test
99948,train
99949,train
99950,test
99951,train
99952,val
99953,train
99954,test
99959,val
99961,train
99964,val
99966,val
99969,test
99974,test
99977,val
99979,train
99983,val
99984,train
99985,test
99986,test
99987,train
99989,train
99990,train
99991,val
99992,test
99994,val
99996,test
99997,train
99999,train
100000,test
100001,train
100004,train
100007,val
100008,test
100010,val
100012,train
100013,train
100015,train
100016,train
100018,train
100019,train
100024,train
100025,train
100026,train
100029,train
100032,val
100033,val
100037,train
100039,val
100040,val
100041,train
100043,train
100044,train
100046,train
100047,train
100051,test
100053,val
100055,test
100056,train
100061,train
100062,train
100064,train
100067,train
100068,val
100069,val
100070,train
100071,train
100072,train
100077,train
100079,train
100083,train
100085,train
100087,test
100088,train
100089,test
100090,train
100092,train
100094,train
100095,train
100098,train
100099,val
100100,val
100102,train
100103,val
100105,train
100107,train
100108,val
100110,train
100111,train
100112,train
100113,train
100114,train
100115,train
100116,val
100117,train
100118,train
100119,train
100122,train
100123,train
100127,train
100128,train
100129,train
100133,train
100136,train
100137,test
100142,train
100143,train
100144,train
100145,train
100148,train
100149,test
100150,val
100151,train
100152,test
100154,val
100158,val
100160,train
100162,val
100163,train
100165,train
100167,train
100168,val
100171,val
100172,train
100173,train
100175,train
100178,train
100180,train
100181,train
100185,train
100186,train
100188,train
100190,train
100191,test
100192,val
100194,train
100195,test
100196,train
100200,train
100201,train
100202,train
100203,train
100204,train
100205,train
100206,test
100210,train
100211,train
100212,train
100213,val
100214,val
100216,train
100219,val
100221,train
100222,train
100228,train
100229,test
100230,train
100231,train
100233,val
100234,train
100235,val
100236,train
100238,val
100241,train
100242,train
100243,val
100244,train
100246,train
100247,train
100248,train
100250,train
100251,train
100252,train
100253,test
100254,test
100257,train
100258,train
100261,train
100264,train
100265,train
100266,test
100268,train
100269,train
100270,train
100271,test
100272,train
100273,train
100274,train
100278,train
100280,train
100281,train
100282,train
100283,train
100286,train
100288,train
100289,test
100291,train
100292,train
100293,test
100294,val
100295,train
100297,test
100298,train
100299,train
100301,test
100303,val
100305,val
100309,train
100311,test
100313,val
100315,train
100318,train
100319,train
100321,train
100324,train
100325,test
100326,train
100329,train
100332,train
100333,test
100334,test
100338,train
100346,test
100347,train
100348,train
100353,train
100354,train
100356,train
100357,val
100358,train
100361,test
100362,val
100363,train
100365,val
100366,train
100369,train
100373,train
100376,train
100377,val
100378,val
100380,train
100382,train
100386,train
100388,train
100389,train
100390,train
100393,train
100395,train
100396,train
100399,train
100402,val
100404,val
100407,train
100410,train
100411,train
100412,train
100414,train
100415,test
100418,train
100419,val
100420,train
100421,val
100422,train
100424,train
100425,train
100427,train
100428,train
100429,test
100431,train
100432,train
100433,test
100434,train
100436,val
100438,train
100440,test
100442,train
100443,train
100445,train
100446,train
100447,train
100451,val
100454,train
100455,train
100460,train
100463,val
100464,train
100465,test
100468,train
100469,val
100474,train
100476,train
100480,train
100481,test
100483,val
100484,val
100485,train
100486,train
100490,train
100492,train
100494,test
100497,train
100499,train
100500,train
100501,train
100505,train
100508,train
100509,train
100510,test
100511,train
100513,train
100514,train
100515,train
100516,train
100517,train
100521,val
100524,train
100526,val
100528,val
100530,val
100531,train
100532,train
100534,val
100535,train
100537,test
100540,test
100544,val
100546,train
100548,train
100549,train
100551,train
100554,train
100556,val
100557,test
100558,test
100560,train
100563,val
100565,train
100568,val
100570,train
100571,train
100572,train
100574,train
100575,train
100576,val
100577,test
100579,train
100580,val
100581,train
100582,train
100583,test
100584,train
100586,val
100589,test
100590,train
100594,val
100597,train
100599,train
100608,train
100610,train
100611,train
100613,train
100617,train
100619,train
100621,train
100622,train
100623,train
100624,train
100625,train
100627,train
100628,val
100629,test
100632,test
100633,test
100634,train
100635,train
100636,train
100638,train
100639,test
100641,train
100642,train
100644,train
100646,train
100647,train
100649,train
100650,test
100653,train
100654,train
100657,train
100663,train
100667,train
100670,train
100672,train
100673,train
100674,train
100675,train
100677,train
100681,val
100684,train
100689,train
100692,train
100693,val
100696,train
100697,train
100698,train
100701,train
100705,train
100706,train
100707,val
100709,train
100710,train
100711,train
100713,train
100714,train
100715,train
100716,test
100717,train
100720,train
100721,train
100723,train
100725,train
100726,train
100727,train
100728,train
100730,train
100732,train
100733,train
100735,train
100738,train
100739,train
100740,train
100741,val
100742,train
100743,val
100745,train
100747,train
100748,val
100749,test
100752,test
100754,train
100756,train
100759,val
100760,train
100761,train
100764,train
100765,train
100768,test
100771,test
100772,train
100774,train
100775,test
100780,train
100782,train
100787,train
100788,train
100790,train
100792,train
100795,train
100800,train
100801,test
100802,train
100805,train
100815,train
100816,train
100817,train
100818,train
100819,test
100821,train
100825,train
100827,test
100829,train
100831,train
100832,train
100834,val
100836,val
100837,test
100838,train
100840,val
100841,test
100843,val
100844,train
100846,val
100847,train
100848,val
100849,val
100851,train
100853,test
100855,train
100856,test
100860,train
100861,train
100862,train
100865,val
100866,train
100872,val
100874,train
100875,val
100876,train
100877,val
100879,test
100880,train
100881,train
100886,train
100887,train
100890,test
100892,train
100895,train
100896,train
100898,val
100902,train
100905,train
100907,train
100910,test
100911,train
100913,val
100914,train
100915,val
100919,val
100920,train
100923,train
100924,train
100925,val
100926,train
100928,train
100929,train
100930,train
100933,train
100934,train
100935,train
100936,test
100937,train
100938,val
100941,val
100942,test
100943,train
100947,train
100948,train
100949,train
100950,train
100951,val
100952,train
100954,train
100955,train
100961,val
100963,test
100965,train
100966,train
100967,train
100968,train
100969,train
100971,train
100972,train
100973,train
100975,train
100980,train
100983,train
100985,train
100986,test
100987,train
100988,val
100989,train
100992,test
100994,test
100996,val
100997,train
100999,train
101001,train
101002,train
101003,train
101004,val
101005,train
101006,train
101007,train
101009,val
101010,test
101011,train
101013,train
101014,val
101015,test
101017,test
101018,train
101019,train
101021,train
101022,test
101023,test
101024,val
101025,train
101026,train
101027,train
101028,train
101030,train
101031,train
101033,test
101034,train
101036,train
101037,train
101040,test
101043,train
101046,train
101049,train
101051,train
101052,train
101060,train
101063,train
101064,train
101065,val
101068,val
101069,train
101070,train
101073,test
101075,train
101076,val
101077,test
101078,train
101079,train
101084,val
101085,val
101086,val
101087,train
101088,val
101091,train
101093,train
101095,train
101096,val
101097,train
101099,train
101101,train
101102,train
101103,train
101106,train
101107,train
101108,train
101109,train
101111,train
101112,test
101115,train
101118,train
101119,train
101120,train
101122,train
101123,train
101124,train
101125,train
101126,train
101127,train
101132,train
101134,train
101136,train
101138,train
101139,train
101141,train
101143,train
101147,train
101148,train
101149,train
101151,train
101153,train
101155,test
101160,train
101162,val
101163,train
101164,train
101166,train
101169,train
101171,train
101173,train
101174,train
101175,train
101176,train
101177,train
101179,train
101180,val
101181,train
101182,train
101183,train
101185,test
101186,train
101187,train
101190,train
101191,train
101193,train
101194,test
101195,test
101196,test
101199,test
101200,train
101201,train
101204,test
101206,train
101207,train
101209,train
101211,train
101212,train
101213,val
101214,train
101216,train
101217,train
101218,val
101220,train
101221,train
101222,train
101226,train
101227,train
101228,val
101229,train
101230,train
101232,train
101236,train
101238,train
101239,train
101241,train
101242,train
101243,train
101246,train
101247,train
101248,train
101249,test
101250,train
101252,train
101253,test
101254,train
101255,train
101256,val
101258,val
101260,train
101262,train
101264,val
101265,test
101266,train
101273,train
101274,train
101275,test
101277,train
101278,train
101281,train
101282,train
101283,train
101284,val
101285,train
101286,train
101288,train
101289,test
101291,val
101294,train
101298,train
101300,train
101307,val
101308,train
101311,train
101312,train
101313,train
101316,train
101319,val
101320,train
101322,train
101323,val
101324,train
101327,train
101328,train
101330,train
101333,test
101335,train
101336,train
101339,train
101340,test
101342,val
101343,train
101345,train
101348,train
101349,train
101350,train
101351,test
101355,val
101356,val
101357,train
101359,val
101360,train
101362,train
101363,train
101365,val
101366,train
101369,val
101370,train
101372,train
101375,test
101378,train
101379,train
101382,train
101384,train
101385,val
101386,test
101387,test
101389,test
101390,train
101391,train
101393,test
101394,train
101396,val
101397,train
101398,train
101399,train
101400,val
101401,train
101402,train
101404,train
101405,train
101407,test
101411,train
101412,train
101414,train
101415,test
101416,test
101421,train
101423,val
101426,test
101427,test
101430,train
101431,test
101432,train
101434,train
101438,train
101439,train
101442,train
101443,train
101444,train
101446,val
101448,train
101449,train
101450,val
101454,train
101455,train
101458,val
101461,train
101462,train
101463,test
101464,train
101467,train
101468,val
101470,train
101472,train
101475,test
101478,train
101479,train
101480,val
101481,train
101483,train
101484,test
101486,train
101487,train
101488,train
101489,train
101490,train
101493,train
101498,train
101500,val
101501,train
101502,train
101505,val
101508,train
101510,test
101513,val
101515,test
101516,val
101517,train
101518,train
101520,train
101522,train
101523,train
101527,train
101530,test
101535,train
101537,train
101541,train
101542,train
101544,val
101545,test
101546,train
101547,train
101548,test
101549,test
101550,train
101551,train
101552,val
101556,train
101558,test
101559,train
101560,test
101562,train
101563,train
101565,train
101570,train
101571,val
101572,val
101574,test
101575,train
101577,train
101578,train
101579,train
101580,val
101581,train
101584,val
101587,train
101588,train
101589,train
101590,train
101593,train
101594,train
101596,train
101597,val
101599,train
101601,val
101604,test
101605,train
101606,train
101608,train
101609,val
101612,train
101613,test
101616,test
101620,val
101621,val
101623,train
101625,val
101626,train
101627,train
101631,train
101634,train
101635,train
101636,train
101638,val
101640,test
101642,train
101645,val
101647,train
101649,train
101652,train
101653,val
101654,train
101655,train
101656,train
101657,train
101658,val
101659,train
101660,train
101661,test
101662,train
101664,val
101667,train
101668,test
101669,train
101670,train
101671,train
101675,train
101676,train
101677,val
101679,train
101681,train
101682,train
101687,val
101688,test
101689,train
101690,train
101692,test
101693,val
101694,train
101695,train
101697,val
101698,train
101700,train
101701,train
101702,val
101704,val
101705,train
101707,train
101708,train
101709,val
101710,test
101711,train
101714,test
101716,train
101718,train
101721,train
101722,test
101723,train
101724,train
101725,train
101726,val
101727,train
101728,train
101729,train
101730,train
101731,train
101732,train
101733,train
101736,train
101737,train
101740,train
101742,train
101743,train
101744,train
101750,train
101753,train
101754,val
101755,train
101756,train
101758,train
101760,train
101761,train
101762,test
101763,train
101764,test
101765,train
101766,train
101768,train
101771,test
101772,val
101774,test
101775,train
101777,train
101778,test
101779,train
101780,train
101781,test
101782,train
101783,train
101784,val
101785,val
101786,train
101787,val
101790,train
101793,train
101794,train
101795,train
101799,train
101802,train
101807,train
101809,test
101811,train
101814,train
101817,val
101821,train
101822,test
101823,train
101824,train
101828,train
101829,test
101830,test
101832,test
101834,test
101837,train
101838,train
101839,train
101840,train
101841,test
101842,test
101843,test
101844,val
101845,train
101846,train
101847,val
101848,val
101850,val
101852,train
101853,train
101859,val
101860,test
101861,train
101862,train
101864,train
101865,train
101866,train
101867,train
101870,train
101871,val
101874,train
101875,train
101876,val
101878,val
101879,test
101880,test
101882,val
101883,train
101884,val
101885,train
101888,test
101893,test
101894,train
101895,train
101896,train
101899,val
101901,test
101903,train
101904,train
101905,train
101910,val
101911,train
101912,val
101915,train
101917,train
101919,train
101920,train
101922,train
101924,train
101928,train
101934,train
101936,train
101937,train
101941,train
101945,train
101947,val
101949,train
101950,test
101957,val
101959,train
101962,train
101965,train
101966,test
101971,val
101973,val
101976,train
101977,val
101978,val
101980,train
101981,train
101985,test
101987,test
101989,train
101990,train
101993,train
101995,train
102000,train
102001,train
102002,test
102003,train
102005,train
102007,train
102008,test
102012,val
102015,val
102018,val
102021,train
102022,train
102024,val
102026,test
102027,train
102028,train
102030,train
102031,train
102032,train
102035,val
102037,test
102039,train
102041,train
102044,test
102045,train
102046,train
102047,train
102048,train
102050,train
102052,train
102054,train
102055,test
102057,train
102058,train
102060,train
102064,train
102067,train
102068,train
102070,test
102072,train
102073,train
102074,train
102078,val
102079,val
102081,train
102082,train
102088,train
102091,train
102092,train
102093,train
102096,train
102099,test
102100,train
102101,test
102103,val
102105,val
102106,train
102107,val
102111,train
102112,train
102113,val
102116,val
102117,train
102121,train
102126,train
102128,train
102129,train
102130,train
102131,train
102132,train
102134,train
102135,train
102137,train
102139,train
102147,train
102148,train
102149,train
102151,test
102152,train
102153,test
102154,val
102155,train
102158,test
102160,train
102162,train
102163,train
102167,val
102168,train
102169,train
102170,train
102171,val
102173,train
102177,train
102178,train
102179,train
102181,train
102182,test
102183,test
102184,val
102185,train
102187,train
102191,train
102192,train
102193,train
102194,train
102196,train
102198,train
102199,train
102201,test
102202,train
102204,train
102207,test
102210,train
102211,train
102212,val
102214,val
102215,train
102217,test
102218,train
102219,train
102221,train
102223,train
102225,train
102226,train
102229,train
102232,test
102234,val
102238,train
102239,train
102240,val
102241,train
102242,train
102243,train
102244,train
102245,train
102248,train
102249,test
102250,train
102251,test
102254,train
102255,train
102256,train
102258,train
102259,train
102260,train
102263,train
102265,train
102266,train
102267,train
102269,train
102271,train
102272,train
102276,test
102278,train
102279,train
102281,train
102283,train
102285,train
102288,train
102296,train
102300,train
102301,train
102302,train
102306,train
102307,val
102309,train
102311,train
102313,train
102315,test
102317,val
102320,test
102321,train
102322,train
102324,train
102326,train
102328,train
102329,train
102331,train
102333,train
102334,train
102336,train
102337,test
102338,val
102340,test
102341,train
102342,train
102344,val
102345,train
102346,train
102348,train
102349,train
102350,train
102352,train
102353,val
102355,train
102356,train
102358,train
102359,train
102360,train
102361,test
102362,train
102364,train
102365,train
102367,train
102368,train
102369,train
102370,test
102371,train
102372,val
102373,val
102377,test
102378,train
102379,train
102380,train
102381,train
102382,train
102383,train
102386,train
102387,test
102389,train
102391,train
102392,val
102393,train
102395,train
102396,train
102397,train
102399,train
102400,train
102401,train
102405,val
102407,train
102410,train
102411,test
102415,train
102418,test
102419,train
102420,train
102421,train
102423,train
102424,train
102425,val
102427,test
102428,train
102429,train
102432,val
102434,train
102436,train
102442,train
102443,train
102444,train
102445,train
102447,train
102450,test
102452,train
102454,test
102455,train
102456,test
102457,train
102458,train
102460,train
102461,train
102464,train
102465,train
102466,val
102467,train
102469,train
102471,train
102472,train
102473,test
102474,train
102475,train
102478,train
102480,train
102482,train
102483,test
102486,train
102488,test
102489,val
102490,train
102492,val
102493,train
102494,val
102495,train
102497,test
102501,train
102504,val
102505,train
102506,test
102507,train
102508,val
102509,test
102512,train
102514,train
102515,train
102516,train
102517,train
102518,train
102520,train
102522,test
102524,val
102526,train
102528,train
102529,train
102532,train
102533,train
102541,train
102542,test
102544,train
102546,train
102548,train
102551,train
102553,test
102554,val
102556,train
102559,val
102560,train
102562,val
102568,train
102573,train
102574,train
102576,train
102578,train
102579,train
102580,test
102581,train
102585,train
102586,train
102588,train
102589,test
102590,val
102591,val
102593,test
102597,train
102598,train
102600,val
102605,train
102606,train
102609,train
102611,train
102612,test
102615,train
102616,val
102617,train
102618,val
102619,train
102620,test
102621,val
102622,train
102623,train
102624,train
102625,val
102626,test
102628,train
102629,train
102631,val
102633,val
102634,train
102635,train
102637,train
102638,train
102641,train
102642,train
102644,train
102648,test
102649,train
102650,train
102651,train
102653,train
102655,train
102656,train
102657,train
102659,train
102661,train
102664,train
102665,train
102666,train
102667,test
102668,test
102669,train
102671,train
102672,train
102673,train
102674,val
102675,train
102676,train
102679,test
102680,test
102682,train
102683,train
102684,test
102685,train
102686,val
102687,train
102688,test
102689,train
102694,val
102696,train
102697,test
102701,train
102702,train
102704,train
102706,val
102707,train
102708,test
102710,train
102713,train
102718,train
102720,test
102721,train
102722,val
102723,train
102724,train
102726,test
102729,train
102730,train
102731,test
102732,train
102733,train
102737,train
102743,val
102746,train
102747,val
102750,train
102753,train
102754,train
102756,train
102758,train
102759,train
102761,test
102762,train
102763,train
102766,test
102768,train
102771,val
102772,test
102773,val
102775,train
102776,val
102777,train
102778,train
102779,train
102781,val
102783,train
102785,train
102786,test
102788,train
102789,train
102790,test
102791,train
102792,train
102793,train
102794,train
102797,val
102798,train
102799,train
102800,train
102801,train
102802,train
102805,test
102807,train
102808,train
102809,val
102811,train
102815,train
102816,train
102819,train
102820,train
102821,train
102823,train
102826,train
102828,train
102831,train
102832,train
102833,train
102834,train
102835,train
102836,train
102838,train
102841,train
102845,train
102846,train
102847,test
102849,train
102850,train
102851,train
102853,train
102854,val
102855,val
102856,train
102858,train
102860,train
102861,train
102863,train
102865,val
102866,val
102868,train
102869,test
102870,train
102871,train
102872,train
102873,test
102875,train
102876,train
102878,train
102879,train
102880,train
102883,train
102884,train
102885,train
102886,test
102887,train
102889,train
102890,train
102892,val
102893,val
102894,train
102895,train
102899,train
102901,test
102903,train
102904,train
102907,train
102908,test
102910,test
102911,train
102913,test
102914,test
102916,train
102917,train
102918,train
102920,train
102921,val
102922,train
102923,val
102924,train
102929,train
102933,train
102934,val
102935,train
102943,test
102944,train
102946,val
102947,test
102948,train
102949,val
102952,train
102953,train
102954,train
102956,train
