run_id,timestamp,topology_n,scenario,iteration,is_warmup,success,status,latency_seconds_wall,execution_time_seconds_api,rows_processed,rows_output,size_bytes,num_files,delta_version,delta_current_version,cpu_avg_percent,cpu_max_percent,mem_avg_bytes,mem_max_bytes,sample_count,error_message,config_id
exp1_20260315_v2,2026-03-15T21:24:09.962221,1,bronze_pushdown,1,True,True,success,6.27911368101195,6.224595,994,994,111772,1,0,0,441.675,462.21000000000004,11331745867,11378700052,2,,29
exp1_20260315_v2,2026-03-15T21:24:13.153837,1,bronze_pushdown,2,True,True,success,3.154391896998277,3.100696,994,994,111772,1,1,1,299.62,299.62,11475854813,11475854813,1,,29
exp1_20260315_v2,2026-03-15T21:24:19.259003,1,bronze_pushdown,3,True,True,success,4.754150528009632,4.700268,994,994,111772,1,2,2,273.89,400.51,11495343646.5,11642744072,2,,29
exp1_20260315_v2,2026-03-15T21:24:24.989071,1,bronze_pushdown,4,True,True,success,4.814621284996974,4.763362,994,994,111772,1,3,3,313.235,353.99,12537010578.5,13077858739,2,,29
exp1_20260315_v2,2026-03-15T21:24:31.800228,1,bronze_pushdown,5,True,True,success,5.149391236001975,5.102082,994,994,111772,1,4,4,268.385,393.06,11535317461,11681220520,2,,29
exp1_20260315_v2,2026-03-15T21:24:37.180108,1,bronze_pushdown,6,False,True,success,5.031500693003181,4.984018,994,994,111772,1,5,5,381.565,452.56,11404529624.5,11433192450,2,,29
exp1_20260315_v2,2026-03-15T21:24:43.147766,1,bronze_pushdown,7,False,True,success,4.373846442002105,4.333733,994,994,111772,1,6,6,324.92,452.86,11548006279,11610410183,2,,29
exp1_20260315_v2,2026-03-15T21:24:48.495926,1,bronze_pushdown,8,False,True,success,5.086189732988714,5.037944,994,994,111772,1,7,7,314.34000000000003,343.6,11392659745,11425615440,2,,29
exp1_20260315_v2,2026-03-15T21:24:54.311139,1,bronze_pushdown,9,False,True,success,4.22191949300759,4.175111,994,994,111772,1,8,8,267.685,399.91,11410038842.5,11548418369,2,,29
exp1_20260315_v2,2026-03-15T21:24:59.641448,1,bronze_pushdown,10,False,True,success,4.473687095000059,4.379092,994,994,111772,1,9,9,324.94,367.62,11482112714,11606431885,2,,29
exp1_20260315_v2,2026-03-15T21:25:08.173871,1,bronze_pushdown,11,False,True,success,8.075262290993123,8.030697,994,994,111772,1,10,10,362.51666666666665,419.6,11857762969.666666,12453509326,3,,29
exp1_20260315_v2,2026-03-15T21:25:14.191538,1,bronze_pushdown,12,False,True,success,4.3754998780059395,4.312639,994,994,111772,1,11,11,241.695,242.57000000000002,11397978647,11573640817,2,,29
exp1_20260315_v2,2026-03-15T21:25:19.519292,1,bronze_pushdown,13,False,True,success,4.6785323200019775,4.625058,994,994,111772,1,12,12,343.495,383.64,11661774678,11776913565,2,,29
exp1_20260315_v2,2026-03-15T21:25:24.842469,1,bronze_pushdown,14,False,True,success,4.853699983999832,4.804026,994,994,111772,1,13,13,322.11,419.16,11588699417.5,11678209011,2,,29
exp1_20260315_v2,2026-03-15T21:25:30.727602,1,bronze_pushdown,15,False,True,success,4.570414603993413,4.513707,994,994,111772,1,14,14,224.485,317.66,11491025611.5,11507089796,2,,29
exp1_20260315_v2,2026-03-15T21:25:36.083758,1,bronze_pushdown,16,False,True,success,4.875857278006151,4.830464,994,994,111771,1,15,15,327.065,418.55,11553327801.5,11643989780,2,,29
exp1_20260315_v2,2026-03-15T21:25:41.921554,1,bronze_pushdown,17,False,True,success,4.2351410380069865,4.188686,994,994,111772,1,16,16,306.04,434.23,11583310784.5,11666674674,2,,29
exp1_20260315_v2,2026-03-15T21:25:47.301569,1,bronze_pushdown,18,False,True,success,5.251003123004921,5.212362,994,994,111772,1,17,17,372.27,390.52,11528219649.5,11628443592,2,,29
exp1_20260315_v2,2026-03-15T21:25:53.285775,1,bronze_pushdown,19,False,True,success,4.881207362996065,4.834732,994,994,111771,1,18,18,316.395,360.44,12176615007.5,12763552278,2,,29
exp1_20260315_v2,2026-03-15T21:25:58.597528,1,bronze_pushdown,20,False,True,success,5.275808332007728,5.220425,994,994,111772,1,19,19,332.435,339.1,11500884322.5,11563771620,2,,29
exp1_20260315_v2,2026-03-15T21:26:07.672326,1,bronze_pushdown,21,False,True,success,8.591173289998551,8.547586,994,994,111772,1,20,20,326.04,357.22,11573305272,11650813913,3,,29
exp1_20260315_v2,2026-03-15T21:26:13.583249,1,bronze_pushdown,22,False,True,success,4.4669404230080545,4.425335,994,994,111772,1,21,21,241.6,347.89,11496215013.5,11571365407,2,,29
exp1_20260315_v2,2026-03-15T21:26:18.911540,1,bronze_pushdown,23,False,True,success,4.497526258986909,4.455575,994,994,111772,1,22,22,313.57,378.02,11601596902,11710280756,2,,29
exp1_20260315_v2,2026-03-15T21:26:24.801430,1,bronze_pushdown,24,False,True,success,4.545322024991037,4.492512,994,994,111772,1,23,23,298.905,385.56,11713617324,11778157177,2,,29
exp1_20260315_v2,2026-03-15T21:26:30.008272,1,bronze_pushdown,25,False,True,success,4.6339893200056395,4.592603,994,994,111772,1,24,24,294.045,397.68,11429850639.5,11477136174,2,,29
exp1_20260315_v2,2026-03-15T21:26:35.350826,1,bronze_pushdown,26,False,True,success,4.875840776003315,4.824856,994,994,111772,1,25,25,378.09000000000003,451.5,11851817544,12171171851,2,,29
exp1_20260315_v2,2026-03-15T21:26:41.450449,1,bronze_pushdown,27,False,True,success,5.40578764800739,5.359242,994,994,111772,1,26,26,350.98,419.89,12297990826.5,12784381193,2,,29
exp1_20260315_v2,2026-03-15T21:26:46.873055,1,bronze_pushdown,28,False,True,success,4.7720867290045135,4.730906,994,994,111772,1,27,27,356.225,475.66,11867134093,11957228791,2,,29
exp1_20260315_v2,2026-03-15T21:26:52.715118,1,bronze_pushdown,29,False,True,success,4.39016686299874,4.347758,994,994,111772,1,28,28,272.1,342.19,11861634313,11910657338,2,,29
exp1_20260315_v2,2026-03-15T21:26:58.095783,1,bronze_pushdown,30,False,True,success,5.008585784002207,4.9659,994,994,111772,1,29,29,315.72,345.23,12131446549,12217053343,2,,29
exp1_20260315_v2,2026-03-15T21:27:07.135731,1,bronze_pushdown,31,False,True,success,7.7441872140043415,7.694336,994,994,111772,1,30,30,273.10333333333335,338.18,12285108720.333334,12399482497,3,,29
exp1_20260315_v2,2026-03-15T21:27:12.989076,1,bronze_pushdown,32,False,True,success,4.390860475003137,4.346621,994,994,111772,1,31,31,297.81,343.44,12320086420,12462137011,2,,29
exp1_20260315_v2,2026-03-15T21:27:18.480158,1,bronze_pushdown,33,False,True,success,5.264812189008808,5.209428,994,994,111772,1,32,32,372.21500000000003,398.86,12327217785,12465962216,2,,29
exp1_20260315_v2,2026-03-15T21:27:24.763209,1,bronze_pushdown,34,False,True,success,4.348705135998898,4.305651,994,994,111772,1,33,33,304.49,381.68,12663821166,13163523205,2,,29
exp1_20260315_v2,2026-03-15T21:27:30.609177,1,bronze_pushdown,35,False,True,success,4.435144119997858,4.365655,994,994,111772,1,34,34,294.24,387.57,12155547019,12242951072,2,,29
exp1_20260315_v2,2026-03-15T21:27:35.886372,1,bronze_federated,1,True,True,success,4.32004805500037,4.271256,500,500,51612,1,0,0,222.39499999999998,287.58,12142793188.5,12169051629,2,,30
exp1_20260315_v2,2026-03-15T21:27:38.080745,1,bronze_federated,2,True,True,success,2.08800504100509,2.037115,500,500,51612,1,1,1,294.17,294.17,12153318796,12153318796,1,,30
exp1_20260315_v2,2026-03-15T21:27:43.911463,1,bronze_federated,3,True,True,success,3.7044384199980414,3.657506,500,500,51612,1,2,2,224.515,326.45,12063124482,12126978566,2,,30
exp1_20260315_v2,2026-03-15T21:27:49.291920,1,bronze_federated,4,True,True,success,4.298895885993261,4.245071,500,500,51612,1,3,3,304.17,415.29,12240637913.5,12248135233,2,,30
exp1_20260315_v2,2026-03-15T21:27:54.895878,1,bronze_federated,5,True,True,success,3.728818638002849,3.667997,500,500,51612,1,4,4,266.225,339.01,12182064458,12198726331,2,,30
exp1_20260315_v2,2026-03-15T21:28:00.750015,1,bronze_federated,6,False,True,success,4.097283640992828,4.042321,500,500,51612,1,5,5,345.465,457.51,12231476504.5,12298137627,2,,30
exp1_20260315_v2,2026-03-15T21:28:06.093474,1,bronze_federated,7,False,True,success,4.117273780997493,4.057839,500,500,51612,1,6,6,275.845,409.3,13047197329.5,13426749336,2,,30
exp1_20260315_v2,2026-03-15T21:28:11.927451,1,bronze_federated,8,False,True,success,3.8492306469997857,3.79535,500,500,51612,1,7,7,182.34,256.68,12041539544.5,12089936570,2,,30
exp1_20260315_v2,2026-03-15T21:28:17.237210,1,bronze_federated,9,False,True,success,4.061826414006646,4.021826,500,500,51612,1,8,8,247.42000000000002,331.32,12126663993.5,12139983006,2,,30
exp1_20260315_v2,2026-03-15T21:28:23.140016,1,bronze_federated,10,False,True,success,4.393630001999554,4.351857,500,500,51612,1,9,9,276.85,428.05,12173500738,12181397564,2,,30
exp1_20260315_v2,2026-03-15T21:28:32.214233,1,bronze_federated,11,False,True,success,7.169047360992408,7.119252,500,500,51612,1,10,10,301.07,356.11,12153254482.333334,12199456139,3,,30
exp1_20260315_v2,2026-03-15T21:28:37.598318,1,bronze_federated,12,False,True,success,4.242013206006959,4.178563,500,500,51612,1,11,11,303.325,434.95,12289008723.5,12357583497,2,,30
exp1_20260315_v2,2026-03-15T21:28:43.514544,1,bronze_federated,13,False,True,success,4.127931248003733,4.032348,500,500,51612,1,12,12,283.245,390.82,12206283418,12286284524,2,,30
exp1_20260315_v2,2026-03-15T21:28:48.806129,1,bronze_federated,14,False,True,success,4.334782769001322,4.287596,500,500,51612,1,13,13,275.49,355.15000000000003,12661237475.5,13089562946,2,,30
exp1_20260315_v2,2026-03-15T21:28:54.730482,1,bronze_federated,15,False,True,success,4.199351482995553,4.156523,500,500,51612,1,14,14,290.56,416.14,12215343115,12352879587,2,,30
exp1_20260315_v2,2026-03-15T21:29:00.567231,1,bronze_federated,16,False,True,success,4.045717532993876,3.998096,500,500,51612,1,15,15,233.28500000000003,318.23,12176660097,12225764911,2,,30
exp1_20260315_v2,2026-03-15T21:29:05.836669,1,bronze_federated,17,False,True,success,4.085286404995713,4.038776,500,500,51612,1,16,16,320.3,409.25,12211818850.5,12241556466,2,,30
exp1_20260315_v2,2026-03-15T21:29:11.654555,1,bronze_federated,18,False,True,success,4.148060524006723,4.107376,500,500,51612,1,17,17,235.38,339.41999999999996,12089923987.5,12154042313,2,,30
exp1_20260315_v2,2026-03-15T21:29:17.074145,1,bronze_federated,19,False,True,success,4.3499738889950095,4.30114,500,500,51612,1,18,18,298.825,396.65999999999997,12171798898.5,12252346312,2,,30
exp1_20260315_v2,2026-03-15T21:29:22.972013,1,bronze_federated,20,False,True,success,3.966445439000381,3.916637,500,500,51612,1,19,19,338.46,422.13,12293237631,12344551794,2,,30
exp1_20260315_v2,2026-03-15T21:29:32.031215,1,bronze_federated,21,False,True,success,7.742016012998647,7.684146,500,500,51612,1,20,20,301.93,426.72,12433089357,12973296838,3,,30
exp1_20260315_v2,2026-03-15T21:29:37.778247,1,bronze_federated,22,False,True,success,4.601557172005414,4.551635,500,500,51612,1,21,21,278.845,379.48,12904365548.5,13634663081,2,,30
exp1_20260315_v2,2026-03-15T21:29:43.575501,1,bronze_federated,23,False,True,success,3.8533182320097694,3.805233,500,500,51612,1,22,22,237.24,349.07,12181995250.5,12231641129,2,,30
exp1_20260315_v2,2026-03-15T21:29:48.861032,1,bronze_federated,24,False,True,success,4.072970002001966,4.033577,500,500,51612,1,23,23,234.505,340.45,12168403608.5,12200404051,2,,30
exp1_20260315_v2,2026-03-15T21:29:54.755809,1,bronze_federated,25,False,True,success,4.150387340996531,4.085916,500,500,51612,1,24,24,282.655,324.33,12223768422,12232144447,2,,30
exp1_20260315_v2,2026-03-15T21:30:00.630652,1,bronze_federated,26,False,True,success,4.569716955011245,4.515367,500,500,51612,1,25,25,331.795,482.53000000000003,12226019715,12258688100,2,,30
exp1_20260315_v2,2026-03-15T21:30:05.982132,1,bronze_federated,27,False,True,success,4.517844121000962,4.478903,500,500,51612,1,26,26,324.655,398.86,12349152946,12385580476,2,,30
exp1_20260315_v2,2026-03-15T21:30:11.869670,1,bronze_federated,28,False,True,success,4.314934959998936,4.248152,500,500,51612,1,27,27,292.61,415.17,12117337958,12170469304,2,,30
exp1_20260315_v2,2026-03-15T21:30:17.197072,1,bronze_federated,29,False,True,success,4.192191731999628,4.149649,500,500,51612,1,28,28,237.325,342.0,12856624932,13302872663,2,,30
exp1_20260315_v2,2026-03-15T21:30:23.238134,1,bronze_federated,30,False,True,success,4.217853388996446,4.169267,500,500,51612,1,29,29,201.51,226.39,12080973342.5,12128425601,2,,30
exp1_20260315_v2,2026-03-15T21:30:32.400105,1,bronze_federated,31,False,True,success,7.622118337007123,7.580363,500,500,51612,1,30,30,293.53333333333336,412.25,12206715081.333334,12231785835,3,,30
exp1_20260315_v2,2026-03-15T21:30:37.793021,1,bronze_federated,32,False,True,success,4.167196049995255,4.09422,500,500,51611,1,31,31,291.86,376.93,12231167173.5,12247545931,2,,30
exp1_20260315_v2,2026-03-15T21:30:43.702980,1,bronze_federated,33,False,True,success,4.263414882996585,4.21116,500,500,51612,1,32,32,323.12,420.3,12291470780,12303518918,2,,30
exp1_20260315_v2,2026-03-15T21:30:48.986051,1,bronze_federated,34,False,True,success,4.0813533879991155,4.037267,500,500,51612,1,33,33,239.46999999999997,340.40999999999997,12265116918.5,12305112753,2,,30
exp1_20260315_v2,2026-03-15T21:30:54.931621,1,bronze_federated,35,False,True,success,4.232327872989117,4.182708,500,500,51612,1,34,34,246.44,366.74,12119672087,12179975693,2,,30
exp1_20260315_v2,2026-03-15T21:31:01.746872,1,silver_persistent,1,True,True,success,6.7759265069908,6.751454,500,500,,,0,0,301.655,323.87,12748079490,13244682987,2,,8
exp1_20260315_v2,2026-03-15T21:31:07.886831,1,silver_persistent,2,True,True,success,4.959899837005651,4.927362,500,500,,,1,1,275.135,342.9,12137172820,12206594843,2,,8
exp1_20260315_v2,2026-03-15T21:31:14.245955,1,silver_persistent,3,True,True,success,6.333722579991445,6.310803,500,500,,,2,2,330.815,341.64,12208895420,12230527543,2,,8
exp1_20260315_v2,2026-03-15T21:31:20.706116,1,silver_persistent,4,True,True,success,6.236981808004202,6.215559,500,500,,,3,3,329.845,356.86,12213796463.5,12251169809,2,,8
exp1_20260315_v2,2026-03-15T21:31:29.226884,1,silver_persistent,5,True,True,success,6.531471049005631,6.505558,500,500,,,4,4,296.6766666666667,357.75,12301996386,12369549846,3,,8
exp1_20260315_v2,2026-03-15T21:31:38.191322,1,silver_persistent,6,False,True,success,7.127290256001288,7.106244,500,500,,,5,5,303.00333333333333,403.66999999999996,12244812643.666666,12324830177,3,,8
exp1_20260315_v2,2026-03-15T21:31:44.568449,1,silver_persistent,7,False,True,success,6.348167160991579,6.329219,500,500,,,6,6,335.45500000000004,386.22,12616410852,12959545813,2,,8
exp1_20260315_v2,2026-03-15T21:31:51.251271,1,silver_persistent,8,False,True,success,6.636112243999378,6.621329,500,500,,,7,7,265.58500000000004,288.33000000000004,12069858437.5,12122874440,2,,8
exp1_20260315_v2,2026-03-15T21:31:59.767885,1,silver_persistent,9,False,True,success,7.260969423005008,7.237403,500,500,,,8,8,288.07666666666665,353.39,12155239088,12194446044,3,,8
exp1_20260315_v2,2026-03-15T21:32:08.322622,1,silver_persistent,10,False,True,success,7.111845028004609,7.089935,500,500,,,9,9,343.51666666666665,433.85,12239304823.333334,12315864852,3,,8
exp1_20260315_v2,2026-03-15T21:32:17.787558,1,silver_persistent,11,False,True,success,9.418979862995911,9.386425,500,500,,,10,10,301.5333333333333,360.71,12199368059.666666,12235812367,3,,8
exp1_20260315_v2,2026-03-15T21:32:24.432199,1,silver_persistent,12,False,True,success,6.50564669999585,6.474959,500,500,,,11,11,328.805,379.95,12142306651,12158664436,2,,8
exp1_20260315_v2,2026-03-15T21:32:33.556529,1,silver_persistent,13,False,True,success,6.383619097003248,6.360025,500,500,,,12,12,247.93,290.62,12465303011.666666,13076329917,3,,8
exp1_20260315_v2,2026-03-15T21:32:42.639154,1,silver_persistent,14,False,True,success,6.395071482998901,6.368523,500,500,,,13,13,309.09333333333336,390.75,12201237320,12219743987,3,,8
exp1_20260315_v2,2026-03-15T21:32:51.656017,1,silver_persistent,15,False,True,success,6.4628114700026345,6.44493,500,500,,,14,14,286.74,390.32,12216957571.333334,12338562328,3,,8
exp1_20260315_v2,2026-03-15T21:33:00.821815,1,silver_persistent,16,False,True,success,7.073178493010346,7.049835,500,500,,,15,15,279.46,385.40999999999997,12181902975.666666,12244859478,3,,8
exp1_20260315_v2,2026-03-15T21:33:09.285469,1,silver_persistent,17,False,True,success,6.562128132994985,6.528955,500,500,,,16,16,263.93333333333334,366.84000000000003,12182557986.666666,12292290767,3,,8
exp1_20260315_v2,2026-03-15T21:33:18.537553,1,silver_persistent,18,False,True,success,6.902908254996873,6.878265,500,500,,,17,17,272.62,303.99,12742561883,13584646006,3,,8
exp1_20260315_v2,2026-03-15T21:33:27.605218,1,silver_persistent,19,False,True,success,7.342459004998091,7.319077,500,500,,,18,18,315.18666666666667,385.61,12256744738.333334,12335368365,3,,8
exp1_20260315_v2,2026-03-15T21:33:34.286034,1,silver_persistent,20,False,True,success,6.646603079003398,6.617651,500,500,,,19,19,244.47999999999996,290.59999999999997,12094989658,12161483008,2,,8
exp1_20260315_v2,2026-03-15T21:33:43.813986,1,silver_persistent,21,False,True,success,9.501354295993224,9.480278,500,500,,,20,20,308.61333333333334,368.44,12193811304.666666,12207983159,3,,8
exp1_20260315_v2,2026-03-15T21:33:54.401581,1,silver_persistent,22,False,True,success,7.881014978993335,7.854417,500,500,,,21,21,261.14666666666665,347.57,12223873280,12265864554,3,,8
exp1_20260315_v2,2026-03-15T21:34:03.744487,1,silver_persistent,23,False,True,success,6.730464931009919,6.707455,500,500,,,22,22,270.06333333333333,327.62,12426571890,12918525519,3,,8
exp1_20260315_v2,2026-03-15T21:34:12.822720,1,silver_persistent,24,False,True,success,6.598596797004575,6.578727,500,500,,,23,23,277.2733333333333,373.23,12270761754.333334,12323447106,3,,8
exp1_20260315_v2,2026-03-15T21:34:21.873282,1,silver_persistent,25,False,True,success,6.6647367580007995,6.648939,500,500,,,24,24,255.96,338.05,12171583241.333334,12208500107,3,,8
exp1_20260315_v2,2026-03-15T21:34:30.951907,1,silver_persistent,26,False,True,success,6.891256087008514,6.857306,500,500,,,25,25,295.2366666666667,372.59999999999997,12302273909.333334,12423888104,3,,8
exp1_20260315_v2,2026-03-15T21:34:39.524597,1,silver_persistent,27,False,True,success,6.709775108989561,6.679167,500,500,,,26,26,290.39,350.04,12331746934.666666,12634389736,3,,8
exp1_20260315_v2,2026-03-15T21:34:48.179937,1,silver_persistent,28,False,True,success,7.2810715309897205,7.252886,500,500,,,27,27,267.85333333333335,411.35,12559013899.333334,13413615922,3,,8
exp1_20260315_v2,2026-03-15T21:34:54.952393,1,silver_persistent,29,False,True,success,6.735869841999374,6.703313,500,500,,,28,28,325.355,365.31,12100696534.5,12136089645,2,,8
exp1_20260315_v2,2026-03-15T21:35:01.688903,1,silver_persistent,30,False,True,success,6.709586083001341,6.688371,500,500,,,29,29,309.06,351.2,12166200552.5,12311373803,2,,8
exp1_20260315_v2,2026-03-15T21:35:11.909448,1,silver_persistent,31,False,True,success,10.191401410003891,10.17048,500,500,,,30,30,312.53,371.5,12163634336.666666,12230826389,3,,8
exp1_20260315_v2,2026-03-15T21:35:18.777556,1,silver_persistent,32,False,True,success,6.838600798990228,6.809449,500,500,,,31,31,356.03999999999996,365.25,12239680563.5,12385304701,2,,8
exp1_20260315_v2,2026-03-15T21:35:25.398130,1,silver_persistent,33,False,True,success,6.583768426004099,6.561475,500,500,,,32,32,381.145,443.27,12661350721.5,12933089192,2,,8
exp1_20260315_v2,2026-03-15T21:35:31.826240,1,silver_persistent,34,False,True,success,6.376071281003533,6.352395,500,500,,,33,33,323.135,326.92,12266453854.5,12319147944,2,,8
exp1_20260315_v2,2026-03-15T21:35:40.942101,1,silver_persistent,35,False,True,success,6.96131501000491,6.936775,500,500,,,34,34,255.73666666666665,368.96,12202094007.333334,12311937936,3,,8
exp1_20260315_v2,2026-03-15T21:35:56.860074,2,bronze_pushdown,1,True,True,success,6.773240384005476,6.726437,994,994,117578,2,0,0,328.155,346.47,12281781937.5,12331292550,2,,32
exp1_20260315_v2,2026-03-15T21:36:03.250671,2,bronze_pushdown,2,True,True,success,5.874775023999973,5.830374,994,994,117578,2,1,1,331.98,337.73,12471629243.5,12488572659,2,,32
exp1_20260315_v2,2026-03-15T21:36:08.947835,2,bronze_pushdown,3,True,True,success,5.665682420993107,5.603266,994,994,117578,2,2,2,419.815,441.14,12633189115,12854441797,2,,32
exp1_20260315_v2,2026-03-15T21:36:14.954225,2,bronze_pushdown,4,True,True,success,5.903794871002901,5.852332,994,994,117578,2,3,3,296.765,319.36,12928072803,13704029529,2,,32
exp1_20260315_v2,2026-03-15T21:36:21.298696,2,bronze_pushdown,5,True,True,success,6.312021282006754,6.265231,994,994,117578,2,4,4,324.385,325.19,12255072609,12297585026,2,,32
exp1_20260315_v2,2026-03-15T21:36:27.252090,2,bronze_pushdown,6,False,True,success,5.881420599995181,5.827656,994,994,117578,2,5,5,348.30499999999995,359.84999999999997,12308438837,12405529635,2,,32
exp1_20260315_v2,2026-03-15T21:36:33.392541,2,bronze_pushdown,7,False,True,success,5.44075768100447,5.394032,994,994,117578,2,6,6,260.94,323.97999999999996,12205531588,12270980556,2,,32
exp1_20260315_v2,2026-03-15T21:36:39.519870,2,bronze_pushdown,8,False,True,success,6.0999655759951565,6.054874,994,994,117578,2,7,7,390.195,402.59,12308531112,12383700380,2,,32
exp1_20260315_v2,2026-03-15T21:36:45.731894,2,bronze_pushdown,9,False,True,success,6.17790002298716,6.110311,994,994,117578,2,8,8,388.315,425.33,12408429995.5,12518312371,2,,32
exp1_20260315_v2,2026-03-15T21:36:51.598872,2,bronze_pushdown,10,False,True,success,5.780963871991844,5.723745,994,994,117578,2,9,9,361.33,365.82,12448079801.5,12659566047,2,,32
exp1_20260315_v2,2026-03-15T21:37:01.141517,2,bronze_pushdown,11,False,True,success,9.363896070004557,9.319572,994,994,117578,2,10,10,313.0133333333333,401.72,12474629046.333334,13093680704,3,,32
exp1_20260315_v2,2026-03-15T21:37:06.763601,2,bronze_pushdown,12,False,True,success,5.5865696809923975,5.541559,994,994,117578,2,11,11,340.615,351.58,12227607260,12268447198,2,,32
exp1_20260315_v2,2026-03-15T21:37:13.580354,2,bronze_pushdown,13,False,True,success,5.97222017099557,5.922715,994,994,117578,2,12,12,306.905,359.01,12342612978,12387156487,2,,32
exp1_20260315_v2,2026-03-15T21:37:19.693516,2,bronze_pushdown,14,False,True,success,6.079545376996975,6.022699,994,994,117578,2,13,13,361.5,414.15999999999997,12421058520.5,12485743601,2,,32
exp1_20260315_v2,2026-03-15T21:37:25.962351,2,bronze_pushdown,15,False,True,success,6.236196564990678,6.190447,994,994,117578,2,14,14,449.555,549.47,12520816895.5,12630713428,2,,32
exp1_20260315_v2,2026-03-15T21:37:32.717565,2,bronze_pushdown,16,False,True,success,5.644071204995271,5.596583,994,994,117578,2,15,15,235.535,270.06,12268295153,12384440674,2,,32
exp1_20260315_v2,2026-03-15T21:37:38.952162,2,bronze_pushdown,17,False,True,success,6.203879431996029,6.154191,994,994,117578,2,16,16,316.01,331.06,12744457709.5,13138287127,2,,32
exp1_20260315_v2,2026-03-15T21:37:44.951515,2,bronze_pushdown,18,False,True,success,5.961380292996182,5.912798,994,994,117578,2,17,17,287.83,370.83,12305788036.5,12459904591,2,,32
exp1_20260315_v2,2026-03-15T21:37:51.133442,2,bronze_pushdown,19,False,True,success,6.150335432001157,6.105255,994,994,117577,2,18,18,344.96,390.52,12318317471.5,12428617181,2,,32
exp1_20260315_v2,2026-03-15T21:37:57.104318,2,bronze_pushdown,20,False,True,success,5.939512103999732,5.891725,994,994,117578,2,19,19,361.45000000000005,401.49,12347046357,12417938484,2,,32
exp1_20260315_v2,2026-03-15T21:38:06.800880,2,bronze_pushdown,21,False,True,success,9.66446373600047,9.602913,994,994,117578,2,20,20,377.13,396.2,12336667552.333334,12423999254,3,,32
exp1_20260315_v2,2026-03-15T21:38:15.900650,2,bronze_pushdown,22,False,True,success,7.2823303019977175,7.206831,994,994,117578,2,21,21,264.58000000000004,332.69,11923279047,12349565038,3,,32
exp1_20260315_v2,2026-03-15T21:38:22.070614,2,bronze_pushdown,23,False,True,success,6.1362589779892005,6.085376,994,994,117578,2,22,22,408.735,418.64,11847598073.5,12385550067,2,,32
exp1_20260315_v2,2026-03-15T21:38:31.063812,2,bronze_pushdown,24,False,True,success,6.432027713002753,6.356661,994,994,117578,2,23,23,281.1666666666667,381.9,12029887069.333334,12924966922,3,,32
exp1_20260315_v2,2026-03-15T21:38:37.067563,2,bronze_pushdown,25,False,True,success,5.972948318012641,5.922276,994,994,117578,2,24,24,343.02,343.95,11626673596.5,11644206836,2,,32
exp1_20260315_v2,2026-03-15T21:38:43.432772,2,bronze_pushdown,26,False,True,success,6.114368595997803,6.055582,994,994,117578,2,25,25,367.655,419.45,11693864773.5,11712871786,2,,32
exp1_20260315_v2,2026-03-15T21:38:49.644038,2,bronze_pushdown,27,False,True,success,6.177807435000432,6.139143,994,994,117578,2,26,26,343.41999999999996,395.21999999999997,11653313718.5,11767653592,2,,32
exp1_20260315_v2,2026-03-15T21:38:56.379167,2,bronze_pushdown,28,False,True,success,6.707791448003263,6.66083,994,994,117578,2,27,27,380.345,410.67,11822618896.5,11860242852,2,,32
exp1_20260315_v2,2026-03-15T21:39:02.729120,2,bronze_pushdown,29,False,True,success,5.665218082998763,5.600992,994,994,117578,2,28,28,366.755,399.84,11628516993,11634568325,2,,32
exp1_20260315_v2,2026-03-15T21:39:08.929379,2,bronze_pushdown,30,False,True,success,6.139201580997906,6.087096,994,994,117578,2,29,29,322.70000000000005,342.04,12610514709,13099173145,2,,32
exp1_20260315_v2,2026-03-15T21:39:18.954070,2,bronze_pushdown,31,False,True,success,9.995613860999583,9.92834,994,994,117578,2,30,30,356.91333333333336,382.7,12104444318.666666,12316792843,3,,32
exp1_20260315_v2,2026-03-15T21:39:25.017679,2,bronze_pushdown,32,False,True,success,5.931628036007169,5.887694,994,994,117578,2,31,31,388.6,435.89,12362349275,12381978617,2,,32
exp1_20260315_v2,2026-03-15T21:39:30.961414,2,bronze_pushdown,33,False,True,success,5.9124745709996205,5.853631,994,994,117578,2,32,32,373.125,387.9,12236515961.5,12309394091,2,,32
exp1_20260315_v2,2026-03-15T21:39:36.954280,2,bronze_pushdown,34,False,True,success,5.967615765999653,5.921947,994,994,117578,2,33,33,349.87,394.11,12261096154.5,12284333123,2,,32
exp1_20260315_v2,2026-03-15T21:39:43.203889,2,bronze_pushdown,35,False,True,success,5.587007847003406,5.531774,994,994,117578,2,34,34,288.235,317.66,12306591770.5,12364107736,2,,32
exp1_20260315_v2,2026-03-15T21:39:48.623975,2,bronze_federated,1,True,True,success,5.25683263000974,5.197509,500,500,56999,1,0,0,289.475,297.46999999999997,12528398624,12816617564,2,,33
exp1_20260315_v2,2026-03-15T21:39:51.293520,2,bronze_federated,2,True,True,success,2.6360754930065013,2.585535,500,500,56999,1,1,1,300.63,300.63,13421895477,13421895477,1,,33
exp1_20260315_v2,2026-03-15T21:39:57.355772,2,bronze_federated,3,True,True,success,4.1293277950026095,4.079708,500,500,56999,1,2,2,231.42,278.9,12188009883.5,12260626917,2,,33
exp1_20260315_v2,2026-03-15T21:40:03.251728,2,bronze_federated,4,True,True,success,4.291494167002384,4.201747,500,500,56999,1,3,3,341.69,442.28999999999996,12424999594,12429632202,2,,33
exp1_20260315_v2,2026-03-15T21:40:08.639132,2,bronze_federated,5,True,True,success,4.511848260997795,4.452003,500,500,56999,1,4,4,319.99,453.0,12351810036.5,12474144253,2,,33
exp1_20260315_v2,2026-03-15T21:40:14.538475,2,bronze_federated,6,False,True,success,4.265896341996267,4.221399,500,500,56999,1,5,5,231.185,334.81,12208957285.5,12254715045,2,,33
exp1_20260315_v2,2026-03-15T21:40:19.811196,2,bronze_federated,7,False,True,success,4.272658709000098,4.222301,500,500,56999,1,6,6,274.66999999999996,403.15,12302864606,12307267577,2,,33
exp1_20260315_v2,2026-03-15T21:40:25.118026,2,bronze_federated,8,False,True,success,4.287185743000009,4.241351,500,500,56999,1,7,7,235.29999999999998,333.53,12235605796,12352886925,2,,33
exp1_20260315_v2,2026-03-15T21:40:30.981393,2,bronze_federated,9,False,True,success,3.9860412909911247,3.934363,500,500,56999,1,8,8,223.24,326.87,12289552934.5,12384948185,2,,33
exp1_20260315_v2,2026-03-15T21:40:36.300780,2,bronze_federated,10,False,True,success,4.303691958994023,4.248682,500,500,56999,1,9,9,325.235,393.5,12695932757.5,13113182119,2,,33
exp1_20260315_v2,2026-03-15T21:40:44.310309,2,bronze_federated,11,False,True,success,7.9746839640138205,7.93082,500,500,56999,1,10,10,395.19,404.94,12303969807.5,12323258363,2,,33
exp1_20260315_v2,2026-03-15T21:40:49.820418,2,bronze_federated,12,False,True,success,4.462435554989497,4.4157,500,500,56999,1,11,11,282.275,399.62,12329721784.5,12420255837,2,,33
exp1_20260315_v2,2026-03-15T21:40:55.115507,2,bronze_federated,13,False,True,success,4.169602038993617,4.118114,500,500,56999,1,12,12,217.345,311.83,12215845382.5,12267490896,2,,33
exp1_20260315_v2,2026-03-15T21:41:00.995831,2,bronze_federated,14,False,True,success,4.1580887860036455,4.110478,500,500,56999,1,13,13,226.48999999999998,335.28,12201923438.5,12238877354,2,,33
exp1_20260315_v2,2026-03-15T21:41:06.326776,2,bronze_federated,15,False,True,success,4.168757350998931,4.120165,500,500,56999,1,14,14,270.28499999999997,328.84,12398933043,12537906062,2,,33
exp1_20260315_v2,2026-03-15T21:41:12.264048,2,bronze_federated,16,False,True,success,4.638889773006667,4.587637,500,500,56999,1,15,15,320.99,347.68,12217076409,12297230607,2,,33
exp1_20260315_v2,2026-03-15T21:41:17.648299,2,bronze_federated,17,False,True,success,4.691475248997449,4.63148,500,500,56999,1,16,16,300.635,370.93,12745718096.5,13092269319,2,,33
exp1_20260315_v2,2026-03-15T21:41:23.823692,2,bronze_federated,18,False,True,success,4.659070405003149,4.618063,500,500,56999,1,17,17,279.92499999999995,403.14,13018366731,13757062309,2,,33
exp1_20260315_v2,2026-03-15T21:41:29.117794,2,bronze_federated,19,False,True,success,4.255712076002965,4.209522,500,500,56999,1,18,18,245.345,353.25,12308124264,12341876876,2,,33
exp1_20260315_v2,2026-03-15T21:41:34.947500,2,bronze_federated,20,False,True,success,4.347036074992502,4.310451,500,500,56999,1,19,19,224.46499999999997,319.90999999999997,12223461713,12273168934,2,,33
exp1_20260315_v2,2026-03-15T21:41:44.669727,2,bronze_federated,21,False,True,success,7.571353406994604,7.517943,500,500,56999,1,20,20,319.13,398.73,12289471145.333334,12352595421,3,,33
exp1_20260315_v2,2026-03-15T21:41:50.703007,2,bronze_federated,22,False,True,success,4.275083606000408,4.239406,500,500,56999,1,21,21,275.205,415.32,12347129193,12370075182,2,,33
exp1_20260315_v2,2026-03-15T21:41:56.028130,2,bronze_federated,23,False,True,success,4.1302407720068,4.087692,500,500,56999,1,22,22,258.27,394.8,12223736440,12224824338,2,,33
exp1_20260315_v2,2026-03-15T21:42:02.148219,2,bronze_federated,24,False,True,success,4.406165940992651,4.364217,500,500,56999,1,23,23,279.955,375.01,12872704845,13416885380,2,,33
exp1_20260315_v2,2026-03-15T21:42:07.643048,2,bronze_federated,25,False,True,success,4.52053409400105,4.475667,500,500,56999,1,24,24,251.95999999999998,267.01,12252371478.5,12298568591,2,,33
exp1_20260315_v2,2026-03-15T21:42:13.619018,2,bronze_federated,26,False,True,success,4.405729706006241,4.361431,500,500,56999,1,25,25,254.13,328.14,12257152986,12274552007,2,,33
exp1_20260315_v2,2026-03-15T21:42:18.942641,2,bronze_federated,27,False,True,success,4.484628441990935,4.444546,500,500,56999,1,26,26,294.5,342.94,12357808941,12508359288,2,,33
exp1_20260315_v2,2026-03-15T21:42:24.946536,2,bronze_federated,28,False,True,success,4.397937551999348,4.357678,500,500,56999,1,27,27,302.83000000000004,404.11,12296259627.5,12296865704,2,,33
exp1_20260315_v2,2026-03-15T21:42:30.830106,2,bronze_federated,29,False,True,success,4.433565266997903,4.384733,500,500,56999,1,28,28,216.005,305.07,12196967343.5,12262838363,2,,33
exp1_20260315_v2,2026-03-15T21:42:36.145343,2,bronze_federated,30,False,True,success,4.115781466010958,4.0671,500,500,56999,1,29,29,235.99,333.13,12211428780,12320244754,2,,33
exp1_20260315_v2,2026-03-15T21:42:45.410655,2,bronze_federated,31,False,True,success,7.850605539002572,7.801281,500,500,56999,1,30,30,329.06666666666666,385.94,12638447724,13347700337,3,,33
exp1_20260315_v2,2026-03-15T21:42:51.419987,2,bronze_federated,32,False,True,success,4.582562051989953,4.454754,500,500,56999,1,31,31,252.96499999999997,353.89,13015047989,13812492134,2,,33
exp1_20260315_v2,2026-03-15T21:42:56.830834,2,bronze_federated,33,False,True,success,4.503887792001478,4.45459,500,500,56999,1,32,32,309.88,387.3,12296874615,12382272217,2,,33
exp1_20260315_v2,2026-03-15T21:43:02.715830,2,bronze_federated,34,False,True,success,4.094514452997828,4.047791,500,500,56999,1,33,33,265.53000000000003,404.83000000000004,12281304835.5,12302385408,2,,33
exp1_20260315_v2,2026-03-15T21:43:08.042423,2,bronze_federated,35,False,True,success,4.352868235000642,4.306344,500,500,56999,1,34,34,255.13,314.51,12166394537.5,12223719139,2,,33
exp1_20260315_v2,2026-03-15T21:43:21.021048,2,silver_persistent,1,True,True,success,10.876112245998229,10.855748,500,500,,,0,0,291.6925,413.49,12276622157.75,12535550962,4,,9
exp1_20260315_v2,2026-03-15T21:43:29.542184,2,silver_persistent,2,True,True,success,6.763118361996021,6.739201,500,500,,,1,1,306.73,389.71999999999997,12899938811,13538002200,3,,9
exp1_20260315_v2,2026-03-15T21:43:38.197903,2,silver_persistent,3,True,True,success,8.568622011007392,8.548194,500,500,,,2,2,272.9433333333333,291.61,12190600914.666666,12224546465,3,,9
exp1_20260315_v2,2026-03-15T21:43:47.300244,2,silver_persistent,4,True,True,success,7.745344623996061,7.722972,500,500,,,3,3,234.94333333333333,295.45,12221129506,12245082827,3,,9
exp1_20260315_v2,2026-03-15T21:43:56.378672,2,silver_persistent,5,True,True,success,8.300684717003605,8.274972,500,500,,,4,4,286.2266666666667,379.78000000000003,12189908855,12284224072,3,,9
exp1_20260315_v2,2026-03-15T21:44:05.629629,2,silver_persistent,6,False,True,success,8.832943796995096,8.80523,500,500,,,5,5,407.48333333333335,457.3,12434951280.666666,12501142991,3,,9
exp1_20260315_v2,2026-03-15T21:44:14.877411,2,silver_persistent,7,False,True,success,8.199805836004089,8.174125,500,500,,,6,6,272.55,403.0,12836374834,13358064462,3,,9
exp1_20260315_v2,2026-03-15T21:44:24.020497,2,silver_persistent,8,False,True,success,8.576303306006594,8.558378,500,500,,,7,7,292.87,299.32,12013793526.333334,12167525953,3,,9
exp1_20260315_v2,2026-03-15T21:44:33.053553,2,silver_persistent,9,False,True,success,8.171426987988525,8.149086,500,500,,,8,8,300.67333333333335,344.21000000000004,11774110722.666666,11844356927,3,,9
exp1_20260315_v2,2026-03-15T21:44:42.235004,2,silver_persistent,10,False,True,success,9.149739681000938,9.122573,500,500,,,9,9,398.12,469.48,11826868077,11867698228,3,,9
exp1_20260315_v2,2026-03-15T21:44:54.935464,2,silver_persistent,11,False,True,success,11.966883843007963,11.945966,500,500,,,10,10,325.45,374.82,12422332018,12950321491,4,,9
exp1_20260315_v2,2026-03-15T21:45:04.603272,2,silver_persistent,12,False,True,success,8.120964066998567,8.099995,500,500,,,11,11,277.99666666666667,353.64,12732354696.333334,13387791593,3,,9
exp1_20260315_v2,2026-03-15T21:45:13.752759,2,silver_persistent,13,False,True,success,8.762121660998673,8.731304,500,500,,,12,12,357.8833333333333,438.82,12550851433.666666,12615197648,3,,9
exp1_20260315_v2,2026-03-15T21:45:22.835106,2,silver_persistent,14,False,True,success,8.132942679992993,8.109433,500,500,,,13,13,280.6766666666667,353.2,12502709562.333334,12514663329,3,,9
exp1_20260315_v2,2026-03-15T21:45:32.109527,2,silver_persistent,15,False,True,success,8.971382555988384,8.948091,500,500,,,14,14,352.83666666666664,419.13,12603601098.333334,12810975177,3,,9
exp1_20260315_v2,2026-03-15T21:45:41.302710,2,silver_persistent,16,False,True,success,8.620960364001803,8.591074,500,500,,,15,15,311.37333333333333,359.96,12924932668.333334,13572259179,3,,9
exp1_20260315_v2,2026-03-15T21:45:50.186590,2,silver_persistent,17,False,True,success,8.849796246999176,8.811194,500,500,,,16,16,296.12333333333333,371.51,12374321215.333334,12405748786,3,,9
exp1_20260315_v2,2026-03-15T21:45:59.360884,2,silver_persistent,18,False,True,success,7.978506193001522,7.950149,500,500,,,17,17,277.80333333333334,303.1,12495770434.333334,12587487980,3,,9
exp1_20260315_v2,2026-03-15T21:46:08.382281,2,silver_persistent,19,False,True,success,8.978973606004729,8.948001,500,500,,,18,18,373.1433333333333,444.11,12524181950.666666,12546817911,3,,9
exp1_20260315_v2,2026-03-15T21:46:17.363398,2,silver_persistent,20,False,True,success,8.950184803004959,8.919543,500,500,,,19,19,387.29,473.54,12564620633.666666,12682002425,3,,9
exp1_20260315_v2,2026-03-15T21:46:29.795176,2,silver_persistent,21,False,True,success,11.632630467007402,11.613306,500,500,,,20,20,262.22,313.93,12867529074.75,13862877261,4,,9
exp1_20260315_v2,2026-03-15T21:46:38.268242,2,silver_persistent,22,False,True,success,8.165203362994362,8.144819,500,500,,,21,21,333.28666666666663,347.95,12442488094,12489527913,3,,9
exp1_20260315_v2,2026-03-15T21:46:47.594740,2,silver_persistent,23,False,True,success,9.20538345798559,9.184701,500,500,,,22,22,400.94,424.68,12556225035.333334,12643907659,3,,9
exp1_20260315_v2,2026-03-15T21:46:56.814730,2,silver_persistent,24,False,True,success,8.546091471973341,8.515792,500,500,,,23,23,295.53999999999996,381.65999999999997,12503980435.333334,12554428475,3,,9
exp1_20260315_v2,2026-03-15T21:47:05.849066,2,silver_persistent,25,False,True,success,8.117261453997344,8.095567,500,500,,,24,24,281.68666666666667,325.24,12527752701.333334,12736163472,3,,9
exp1_20260315_v2,2026-03-15T21:47:15.022006,2,silver_persistent,26,False,True,success,8.740729879005812,8.719671,500,500,,,25,25,284.27,338.28,12585170625.333334,13018249290,3,,9
exp1_20260315_v2,2026-03-15T21:47:25.050511,2,silver_persistent,27,False,True,success,9.051585843990324,9.028293,500,500,,,26,26,331.43,410.35,12528049098.333334,12582236710,3,,9
exp1_20260315_v2,2026-03-15T21:47:34.768500,2,silver_persistent,28,False,True,success,8.555365766980685,8.525272,500,500,,,27,27,313.13666666666666,399.35,12503778758.333334,12626681652,3,,9
exp1_20260315_v2,2026-03-15T21:47:44.583471,2,silver_persistent,29,False,True,success,9.018841223005438,8.986605,500,500,,,28,28,283.9266666666667,352.55,12457825963,12539425449,3,,9
exp1_20260315_v2,2026-03-15T21:47:53.808753,2,silver_persistent,30,False,True,success,8.711675200000172,8.683201,500,500,,,29,29,327.28,391.36,12850207996,13507999294,3,,9
exp1_20260315_v2,2026-03-15T21:48:06.317215,2,silver_persistent,31,False,True,success,12.300775298004737,12.272371,500,500,,,30,30,338.265,421.09,12423131554.75,12534771869,4,,9
exp1_20260315_v2,2026-03-15T21:48:15.541808,2,silver_persistent,32,False,True,success,8.561222184012877,8.537877,500,500,,,31,31,294.82666666666665,358.8,12476393448.666666,12561850296,3,,9
exp1_20260315_v2,2026-03-15T21:48:24.998830,2,silver_persistent,33,False,True,success,8.44948758999817,8.419247,500,500,,,32,32,265.29333333333335,314.97,12457830857.333334,12519687055,3,,9
exp1_20260315_v2,2026-03-15T21:48:34.718854,2,silver_persistent,34,False,True,success,8.388502296002116,8.3657,500,500,,,33,33,254.24666666666667,350.34000000000003,12508481272,12636938822,3,,9
exp1_20260315_v2,2026-03-15T21:48:43.825055,2,silver_persistent,35,False,True,success,8.988711826998042,8.964333,500,500,,,34,34,350.5,426.78,12955385761.333334,13323661731,3,,9
exp1_20260315_v2,2026-03-15T21:49:17.953679,4,bronze_pushdown,1,True,True,success,15.375656906020595,15.32136,2524,2524,239461,4,0,0,289.494,398.92,12907353150.4,12985745531,5,,35
exp1_20260315_v2,2026-03-15T21:49:31.180128,4,bronze_pushdown,2,True,True,success,10.367126359982649,10.323268,2524,2524,239461,4,1,1,334.97,417.75,13370287186.75,13856548054,4,,35
exp1_20260315_v2,2026-03-15T21:49:43.796517,4,bronze_pushdown,3,True,True,success,12.591171856998699,12.546691,2524,2524,239461,4,2,2,323.10249999999996,346.96,12865455515,12925672613,4,,35
exp1_20260315_v2,2026-03-15T21:49:57.259427,4,bronze_pushdown,4,True,True,success,13.430651511996984,13.373286,2524,2524,239461,4,3,3,335.5825,421.40999999999997,12886807143.25,13007318934,4,,35
exp1_20260315_v2,2026-03-15T21:50:10.932406,4,bronze_pushdown,5,True,True,success,13.643613252002979,13.589246,2524,2524,239461,4,4,4,369.6525,440.74,13336889516.25,14437501100,4,,35
exp1_20260315_v2,2026-03-15T21:50:24.029948,4,bronze_pushdown,6,False,True,success,13.068584475026,13.023454,2524,2524,239460,4,5,5,302.3775,364.4,12902133654.5,12934096872,4,,35
exp1_20260315_v2,2026-03-15T21:50:37.264376,4,bronze_pushdown,7,False,True,success,13.202588949992787,13.155173,2524,2524,239461,4,6,6,347.305,384.27,12945982481,12987551179,4,,35
exp1_20260315_v2,2026-03-15T21:50:51.413446,4,bronze_pushdown,8,False,True,success,13.133865807991242,13.080504,2524,2524,239461,4,7,7,312.87,369.64,13129418793.5,13432753480,4,,35
exp1_20260315_v2,2026-03-15T21:51:05.226691,4,bronze_pushdown,9,False,True,success,13.777393947995733,13.722573,2524,2524,239461,4,8,8,344.6025,389.02000000000004,12929265034.5,13056178382,4,,35
exp1_20260315_v2,2026-03-15T21:51:18.609560,4,bronze_pushdown,10,False,True,success,13.3269921229803,13.281784,2524,2524,239460,4,9,9,328.4425,397.64,12923468506.25,13088422095,4,,35
exp1_20260315_v2,2026-03-15T21:51:42.042196,4,bronze_pushdown,11,False,True,success,22.811389035981847,22.764429,2524,2524,239461,4,10,10,361.83285714285716,434.64,13202623403.571428,14327952170,7,,35
exp1_20260315_v2,2026-03-15T21:51:55.136563,4,bronze_pushdown,12,False,True,success,12.622197599004721,12.582081,2524,2524,239461,4,11,11,278.27750000000003,310.22,12894417182.5,12923097309,4,,35
exp1_20260315_v2,2026-03-15T21:52:12.269003,4,bronze_pushdown,13,False,True,success,14.40779991200543,14.355293,2524,2524,239461,4,12,12,339.196,387.87,12975291647.8,13119248130,5,,35
exp1_20260315_v2,2026-03-15T21:52:28.123638,4,bronze_pushdown,14,False,True,success,13.720470372994896,13.672025,2524,2524,239461,4,13,13,259.55,380.71,13029111698.4,13733199864,5,,35
exp1_20260315_v2,2026-03-15T21:52:41.555511,4,bronze_pushdown,15,False,True,success,13.40026176100946,13.348475,2524,2524,239461,4,14,14,378.55,419.32,12953130099.25,13086951989,4,,35
exp1_20260315_v2,2026-03-15T21:52:55.933231,4,bronze_pushdown,16,False,True,success,14.279427564993966,14.197097,2524,2524,239461,4,15,15,349.3225,441.99,12922420978.75,13081375663,4,,35
exp1_20260315_v2,2026-03-15T21:53:12.472367,4,bronze_pushdown,17,False,True,success,14.753938263980672,14.677017,2524,2524,239460,4,16,16,273.848,341.52000000000004,13002748401.6,13698875778,5,,35
exp1_20260315_v2,2026-03-15T21:53:26.445752,4,bronze_pushdown,18,False,True,success,13.943863179010805,13.879587,2524,2524,239461,4,17,17,405.385,438.90999999999997,12954531521,13037041869,4,,35
exp1_20260315_v2,2026-03-15T21:53:41.628266,4,bronze_pushdown,19,False,True,success,15.155921688012313,15.06429,2524,2524,239461,4,18,18,365.7625,460.2,12991829894.25,13183345484,4,,35
exp1_20260315_v2,2026-03-15T21:53:57.228744,4,bronze_pushdown,20,False,True,success,15.576262396993116,15.530047,2524,2524,239461,4,19,19,360.5025,417.63,13126448177.25,13851623940,4,,35
exp1_20260315_v2,2026-03-15T21:54:22.175968,4,bronze_pushdown,21,False,True,success,23.8650128840236,23.796662,2524,2524,239461,4,20,20,345.19714285714286,445.19,12976710402,13166662642,7,,35
exp1_20260315_v2,2026-03-15T21:54:35.806947,4,bronze_pushdown,22,False,True,success,13.602813943987712,13.550904,2524,2524,239461,4,21,21,331.415,372.49,13192376346.5,14193159825,4,,35
exp1_20260315_v2,2026-03-15T21:54:52.548903,4,bronze_pushdown,23,False,True,success,14.150728405977134,14.080279,2524,2524,239461,4,22,22,344.3,425.2,13009911854.4,13146601286,5,,35
exp1_20260315_v2,2026-03-15T21:55:08.114931,4,bronze_pushdown,24,False,True,success,13.749392817000626,13.680431,2524,2524,239461,4,23,23,281.93,359.69,12825256361.4,12951832486,5,,35
exp1_20260315_v2,2026-03-15T21:55:22.170466,4,bronze_pushdown,25,False,True,success,14.02610579400789,13.978141,2524,2524,239461,4,24,24,375.2375,407.12,12829829621,13444147308,4,,35
exp1_20260315_v2,2026-03-15T21:55:36.220374,4,bronze_pushdown,26,False,True,success,14.016744004999055,13.97157,2524,2524,239461,4,25,25,369.3775,474.26,12642788304.25,12817686063,4,,35
exp1_20260315_v2,2026-03-15T21:55:49.572758,4,bronze_pushdown,27,False,True,success,13.326819128007628,13.284417,2524,2524,239461,4,26,26,341.1725,389.93,12600093435.25,12755748775,4,,35
exp1_20260315_v2,2026-03-15T21:56:03.636234,4,bronze_pushdown,28,False,True,success,14.040617318009026,13.998009,2524,2524,239461,4,27,27,373.055,444.77,12828478006.75,13365688657,4,,35
exp1_20260315_v2,2026-03-15T21:56:17.214088,4,bronze_pushdown,29,False,True,success,13.545533119002357,13.500659,2524,2524,239461,4,28,28,327.3375,385.09,12592119015,12664216480,4,,35
exp1_20260315_v2,2026-03-15T21:56:31.053659,4,bronze_pushdown,30,False,True,success,13.758355486002984,13.703478,2524,2524,239461,4,29,29,367.435,394.68,12649020516,12726113920,4,,35
exp1_20260315_v2,2026-03-15T21:56:54.891911,4,bronze_pushdown,31,False,True,success,23.771693874994526,23.716517,2524,2524,239461,4,30,30,351.60714285714283,397.51,12848162774.714285,13862420081,7,,35
exp1_20260315_v2,2026-03-15T21:57:08.407272,4,bronze_pushdown,32,False,True,success,13.483435917994939,13.428567,2524,2524,239461,4,31,31,373.485,463.44,12633930458,12705387766,4,,35
exp1_20260315_v2,2026-03-15T21:57:22.067506,4,bronze_pushdown,33,False,True,success,12.913721441989765,12.8635,2524,2524,239461,4,32,32,292.79,324.92,12589158884.25,12696569243,4,,35
exp1_20260315_v2,2026-03-15T21:57:38.259805,4,bronze_pushdown,34,False,True,success,14.376129028009018,14.310821,2524,2524,239461,4,33,33,363.40999999999997,470.68,12985597893.2,14158519070,5,,35
exp1_20260315_v2,2026-03-15T21:57:51.343561,4,bronze_pushdown,35,False,True,success,13.046227710001403,13.003239,2524,2524,239461,4,34,34,309.33,334.28999999999996,12575098528.75,12610198037,4,,35
exp1_20260315_v2,2026-03-15T21:57:57.426282,4,bronze_federated,1,True,True,success,6.054552589979721,6.011313,600,600,101430,1,0,0,317.745,333.65999999999997,12551040526,12587676723,2,,36
exp1_20260315_v2,2026-03-15T21:58:03.721023,4,bronze_federated,2,True,True,success,4.181339320988627,4.128856,600,600,101431,1,1,1,297.90999999999997,342.52,12672735112,12678091238,2,,36
exp1_20260315_v2,2026-03-15T21:58:09.044776,4,bronze_federated,3,True,True,success,5.049554728000658,5.000687,600,600,100999,1,2,2,356.04499999999996,393.89,12646447310,12738352900,2,,36
exp1_20260315_v2,2026-03-15T21:58:15.115041,4,bronze_federated,4,True,True,success,5.036532229976729,4.989332,600,600,101431,1,3,3,294.015,458.59,13306192454.5,13786712892,2,,36
exp1_20260315_v2,2026-03-15T21:58:21.117140,4,bronze_federated,5,True,True,success,5.177740598999662,5.123375,600,600,101431,1,4,4,190.565,208.03,12482101896,12529203930,2,,36
exp1_20260315_v2,2026-03-15T21:58:26.417306,4,bronze_federated,6,False,True,success,4.667434476985363,4.612467,600,600,100999,1,5,5,260.265,318.09,12536325857.5,12575209153,2,,36
exp1_20260315_v2,2026-03-15T21:58:32.444017,4,bronze_federated,7,False,True,success,4.498828776995651,4.450026,600,600,100999,1,6,6,315.64,368.29,12614815966.5,12663279052,2,,36
exp1_20260315_v2,2026-03-15T21:58:37.811870,4,bronze_federated,8,False,True,success,5.339533885999117,5.292684,600,600,101431,1,7,7,349.53000000000003,401.41,12510762624,12568649262,2,,36
exp1_20260315_v2,2026-03-15T21:58:43.942502,4,bronze_federated,9,False,True,success,4.989112665003631,4.934399,600,600,100999,1,8,8,326.75,354.08,12601913238.5,12704152544,2,,36
exp1_20260315_v2,2026-03-15T21:58:49.309439,4,bronze_federated,10,False,True,success,5.253663772979053,5.198498,600,600,101431,1,9,9,368.85,417.21,12704827828,12791087884,2,,36
exp1_20260315_v2,2026-03-15T21:58:58.217864,4,bronze_federated,11,False,True,success,7.771864997019293,7.725096,600,600,101431,1,10,10,270.7366666666667,375.91,13049117970.333334,13699651725,3,,36
exp1_20260315_v2,2026-03-15T21:59:04.371202,4,bronze_federated,12,False,True,success,5.133860072004609,5.082863,600,600,101431,1,11,11,204.94,207.98,12493704390,12558392092,2,,36
exp1_20260315_v2,2026-03-15T21:59:09.673978,4,bronze_federated,13,False,True,success,4.733009172981838,4.68853,600,600,100999,1,12,12,304.115,374.53999999999996,12626900805,12630156633,2,,36
exp1_20260315_v2,2026-03-15T21:59:15.050151,4,bronze_federated,14,False,True,success,5.347534499975154,5.276498,600,600,101431,1,13,13,410.4,478.71999999999997,12658297267,12756038182,2,,36
exp1_20260315_v2,2026-03-15T21:59:21.035512,4,bronze_federated,15,False,True,success,4.656396452017361,4.6101,600,600,100999,1,14,14,252.45,314.77,12548209370.5,12608172189,2,,36
exp1_20260315_v2,2026-03-15T21:59:26.468038,4,bronze_federated,16,False,True,success,5.271309983014362,5.205473,600,600,100999,1,15,15,336.395,357.06,12617097668,12697976432,2,,36
exp1_20260315_v2,2026-03-15T21:59:32.441929,4,bronze_federated,17,False,True,success,4.777493303001393,4.72001,600,600,101431,1,16,16,269.065,364.34000000000003,12622127687.5,12792211957,2,,36
exp1_20260315_v2,2026-03-15T21:59:38.903066,4,bronze_federated,18,False,True,success,5.2551192909886595,5.211166,600,600,100999,1,17,17,279.755,376.06,12680040540,12724379576,2,,36
exp1_20260315_v2,2026-03-15T21:59:44.944278,4,bronze_federated,19,False,True,success,5.1085808140051086,5.056076,600,600,100999,1,18,18,216.875,372.39,12881519176,13314633493,2,,36
exp1_20260315_v2,2026-03-15T21:59:51.112502,4,bronze_federated,20,False,True,success,5.477616353979101,5.419828,600,600,100999,1,19,19,280.625,358.96,12570504194,12585963350,2,,36
exp1_20260315_v2,2026-03-15T21:59:59.631540,4,bronze_federated,21,False,True,success,7.9761847970075905,7.932153,600,600,100999,1,20,20,271.1633333333333,318.66,12607004774.666666,12624471255,3,,36
exp1_20260315_v2,2026-03-15T22:00:05.045757,4,bronze_federated,22,False,True,success,5.067109413997969,5.01996,600,600,100999,1,21,21,318.45500000000004,365.97,12571541235,12647424583,2,,36
exp1_20260315_v2,2026-03-15T22:00:11.093424,4,bronze_federated,23,False,True,success,5.05070000901469,5.003381,600,600,100999,1,22,22,345.685,375.98,12697567488.5,12790450351,2,,36
exp1_20260315_v2,2026-03-15T22:00:16.534479,4,bronze_federated,24,False,True,success,5.409541090979474,5.357702,600,600,100998,1,23,23,324.505,360.79,12542399211,12653139322,2,,36
exp1_20260315_v2,2026-03-15T22:00:22.432316,4,bronze_federated,25,False,True,success,4.692055211984552,4.642107,600,600,101431,1,24,24,227.745,322.21999999999997,12556651455.5,12627512125,2,,36
exp1_20260315_v2,2026-03-15T22:00:27.755938,4,bronze_federated,26,False,True,success,5.275089814007515,5.229498,600,600,100999,1,25,25,337.93,341.61,13568518907,14057578948,2,,36
exp1_20260315_v2,2026-03-15T22:00:29.882434,4,bronze_federated,27,False,False,failed,1.5054649150115438,1.438997,0,600,100999,1,25,25,111.42999999999999,111.42999999999999,9523198683,9523198683,1,,36
exp1_20260315_v2,2026-03-15T22:01:56.414341,4,bronze_federated,28,False,True,success,86.31465614700573,86.256486,600,600,100999,1,27,27,385.8804,522.6800000000001,9439298174.08,11852855634,25,,36
exp1_20260315_v2,2026-03-15T22:02:09.214059,4,bronze_federated,29,False,True,success,12.76868019401445,12.717169,600,600,100999,1,28,28,379.21500000000003,453.96999999999997,11045571651,11280899369,4,,36
exp1_20260315_v2,2026-03-15T22:02:22.594809,4,bronze_federated,30,False,True,success,11.331141995993676,11.275344,600,600,100999,1,29,29,415.44,554.91,11487516025,11667614196,4,,36
exp1_20260315_v2,2026-03-15T22:02:32.447471,4,bronze_federated,31,False,True,success,9.821485611988464,9.764867,600,600,100999,1,30,30,367.3933333333334,427.02000000000004,11614779947.333334,11745676485,3,,36
exp1_20260315_v2,2026-03-15T22:02:52.765045,4,bronze_federated,32,False,True,success,17.824655462027295,17.743701,600,600,101431,1,31,31,347.6066666666667,412.64,11942925864.333334,13084104058,6,,36
exp1_20260315_v2,2026-03-15T22:03:02.071978,4,bronze_federated,33,False,True,success,8.690713543008314,8.602008,600,600,100999,1,32,32,359.63,402.91,11705049758,11763017836,3,,36
exp1_20260315_v2,2026-03-15T22:03:11.279271,4,bronze_federated,34,False,True,success,7.614557365013752,7.565515,600,600,101431,1,33,33,288.06,358.28,11640154787.666666,11705300019,3,,36
exp1_20260315_v2,2026-03-15T22:03:19.929076,4,bronze_federated,35,False,True,success,7.808818680990953,7.766051,600,600,100999,1,34,34,336.12666666666667,445.92,11651658365.333334,11765081433,3,,36
exp1_20260315_v2,2026-03-15T22:04:00.773155,4,silver_persistent,1,True,True,success,40.81167596401065,40.768918,1280,680,,,0,0,407.35583333333335,457.15,11828154414.75,12601633267,12,,10
exp1_20260315_v2,2026-03-15T22:04:21.301808,4,silver_persistent,2,True,True,success,19.680189242993947,19.651121,1280,680,,,1,1,382.09000000000003,463.36,11897436190.166666,12442801267,6,,10
exp1_20260315_v2,2026-03-15T22:04:41.672871,4,silver_persistent,3,True,True,success,20.33928941100021,20.317807,1280,680,,,2,2,376.89166666666665,479.62,11308592609.666666,11824627966,6,,10
exp1_20260315_v2,2026-03-15T22:05:02.411632,4,silver_persistent,4,True,True,success,18.778805912006646,18.752511,1280,680,,,3,3,336.1166666666667,397.88,11514439961.166666,12073297764,6,,10
exp1_20260315_v2,2026-03-15T22:05:22.150907,4,silver_persistent,5,True,True,success,18.35928686099942,18.338505,1280,680,,,4,4,353.8883333333333,433.13,11289652180.666666,11390165182,6,,10
exp1_20260315_v2,2026-03-15T22:05:42.231644,4,silver_persistent,6,False,True,success,18.441915367002366,18.419099,1280,680,,,5,5,359.1616666666667,438.40000000000003,11540162230.333334,12502150670,6,,10
exp1_20260315_v2,2026-03-15T22:06:02.125044,4,silver_persistent,7,False,True,success,17.512299503025133,17.489466,1280,680,,,6,6,305.9033333333333,372.01,11243911548.5,11301583578,6,,10
exp1_20260315_v2,2026-03-15T22:06:22.240251,4,silver_persistent,8,False,True,success,18.39417253699503,18.370512,1280,680,,,7,7,372.075,491.57,11382679396.666666,11612104680,6,,10
exp1_20260315_v2,2026-03-15T22:06:42.104080,4,silver_persistent,9,False,True,success,17.276879754994297,17.249734,1280,680,,,8,8,293.33166666666665,365.03,11398515690.333334,12046351459,6,,10
exp1_20260315_v2,2026-03-15T22:07:02.146511,4,silver_persistent,10,False,True,success,17.933423607988516,17.916195,1280,680,,,9,9,359.21166666666664,487.59999999999997,11370518012.333334,11451909531,6,,10
exp1_20260315_v2,2026-03-15T22:07:22.839890,4,silver_persistent,11,False,True,success,20.655559048987925,20.629815,1280,680,,,10,10,380.73333333333335,417.94,11528798463,12046703780,6,,10
exp1_20260315_v2,2026-03-15T22:07:42.952266,4,silver_persistent,12,False,True,success,18.201477917988086,18.178472,1280,680,,,11,11,343.4916666666667,461.34000000000003,11154341488.166666,11577713485,6,,10
exp1_20260315_v2,2026-03-15T22:08:02.637292,4,silver_persistent,13,False,True,success,19.089159769006073,19.064547,1280,680,,,12,12,362.165,399.31,11332235552.333334,11587213584,6,,10
exp1_20260315_v2,2026-03-15T22:08:22.312813,4,silver_persistent,14,False,True,success,18.839942366990726,18.816974,1280,680,,,13,13,375.37666666666667,470.18,11239112565.5,11512970208,6,,10
exp1_20260315_v2,2026-03-15T22:08:42.074309,4,silver_persistent,15,False,True,success,17.16713000499294,17.141156,1280,680,,,14,14,320.1433333333333,410.87,11415213913.833334,12498094777,6,,10
exp1_20260315_v2,2026-03-15T22:09:02.210199,4,silver_persistent,16,False,True,success,17.567171307018725,17.550517,1280,680,,,15,15,359.3566666666667,461.45,11100183236.333334,11354454877,6,,10
exp1_20260315_v2,2026-03-15T22:09:19.327299,4,silver_persistent,17,False,True,success,17.08740937098628,17.064543,1280,680,,,16,16,331.218,367.90999999999997,11137879892.8,11267932677,5,,10
exp1_20260315_v2,2026-03-15T22:09:39.032968,4,silver_persistent,18,False,True,success,18.419253967993427,18.391103,1280,680,,,17,17,325.935,422.08,11340014936.333334,12311553107,6,,10
exp1_20260315_v2,2026-03-15T22:09:56.204419,4,silver_persistent,19,False,True,success,17.140341324993642,17.116815,1280,680,,,18,18,350.378,390.19,11486041098.4,11648840492,5,,10
exp1_20260315_v2,2026-03-15T22:10:12.965344,4,silver_persistent,20,False,True,success,16.726399367995327,16.699606,1280,680,,,19,19,365.342,438.84999999999997,11602179279.8,12379792336,5,,10
exp1_20260315_v2,2026-03-15T22:10:35.773553,4,silver_persistent,21,False,True,success,22.015635599993402,21.99544,1280,680,,,20,20,371.0942857142857,515.78,11304382377.428572,11576939635,7,,10
exp1_20260315_v2,2026-03-15T22:10:53.136895,4,silver_persistent,22,False,True,success,17.27985490701394,17.225667,1280,680,,,21,21,378.92,405.18,11519246984.4,12640367667,5,,10
exp1_20260315_v2,2026-03-15T22:11:12.949005,4,silver_persistent,23,False,True,success,17.24395487899892,17.209135,1280,680,,,22,22,315.64166666666665,395.44,11279365651.333334,11489654072,6,,10
exp1_20260315_v2,2026-03-15T22:11:32.508446,4,silver_persistent,24,False,True,success,17.32499295900925,17.302079,1280,680,,,23,23,346.065,467.45,11432021888.833334,12021416322,6,,10
exp1_20260315_v2,2026-03-15T22:11:48.362619,4,silver_persistent,25,False,True,success,15.819006497011287,15.799001,1280,680,,,24,24,353.168,404.87,11922695617.6,12640317335,5,,10
exp1_20260315_v2,2026-03-15T22:12:05.192297,4,silver_persistent,26,False,True,success,15.881156399002066,15.862602,1280,680,,,25,25,310.156,360.11,12047036178.2,12259675857,5,,10
exp1_20260315_v2,2026-03-15T22:12:22.475765,4,silver_persistent,27,False,True,success,17.142579647013918,17.118289,1280,680,,,26,26,366.772,456.01000000000005,12342936148,13001451104,5,,10
exp1_20260315_v2,2026-03-15T22:12:38.225492,4,silver_persistent,28,False,True,success,15.268903454998508,15.24651,1280,680,,,27,27,334.096,423.31,12100508732.2,12243857041,5,,10
exp1_20260315_v2,2026-03-15T22:12:55.205782,4,silver_persistent,29,False,True,success,16.05556851098663,16.033203,1280,680,,,28,28,344.79200000000003,422.91999999999996,12137929054.2,12353598909,5,,10
exp1_20260315_v2,2026-03-15T22:13:12.897137,4,silver_persistent,30,False,True,success,15.502613843011204,15.476156,1280,680,,,29,29,280.376,348.38,12150304347.4,12488978457,5,,10
exp1_20260315_v2,2026-03-15T22:13:32.549318,4,silver_persistent,31,False,True,success,19.61909215300693,19.582323,1280,680,,,30,30,373.9266666666667,418.77,12133457017.333334,12274842462,6,,10
exp1_20260315_v2,2026-03-15T22:13:49.246274,4,silver_persistent,32,False,True,success,16.14556337200338,16.121938,1280,680,,,31,31,345.37,409.0,12314420334.2,12819393145,5,,10
exp1_20260315_v2,2026-03-15T22:14:05.884807,4,silver_persistent,33,False,True,success,15.330450555018615,15.309272,1280,680,,,32,32,310.804,378.31,12128761983.6,12200976574,5,,10
exp1_20260315_v2,2026-03-15T22:14:22.222550,4,silver_persistent,34,False,True,success,16.106356500997208,16.075544,1280,680,,,33,33,394.46,483.27,12209064869.6,12345050916,5,,10
exp1_20260315_v2,2026-03-15T22:14:38.415187,4,silver_persistent,35,False,True,success,15.714090583991492,15.692903,1280,680,,,34,34,337.766,388.68,12318219113.8,13126504276,5,,10
exp1_20260315_v2,2026-03-15T22:15:54.293710,8,bronze_pushdown,1,True,True,success,36.924905234976904,36.845859,4523,4523,354684,8,0,0,333.1718181818182,401.71,13007252204.181818,13146624352,11,,38
exp1_20260315_v2,2026-03-15T22:16:13.566664,8,bronze_pushdown,2,True,True,success,19.236121200985508,19.165021,4523,4523,354684,8,1,1,329.832,377.68,13118552713.2,13707969027,5,,38
exp1_20260315_v2,2026-03-15T22:16:44.281429,8,bronze_pushdown,3,True,True,success,29.20702304400038,29.15285,4523,4523,354684,8,2,2,339.9555555555556,429.40000000000003,13111316466.555555,13589828066,9,,38
exp1_20260315_v2,2026-03-15T22:17:14.127400,8,bronze_pushdown,4,True,True,success,29.805421791999834,29.763569,4523,4523,354684,8,3,3,360.87125,417.48,13031009147.75,13221972925,8,,38
exp1_20260315_v2,2026-03-15T22:17:46.011801,8,bronze_pushdown,5,True,True,success,29.827151203993708,29.739713,4523,4523,354684,8,4,4,319.8322222222222,405.74,13737999778.555555,15057664599,9,,38
exp1_20260315_v2,2026-03-15T22:18:16.976525,8,bronze_pushdown,6,False,True,success,30.237214794004103,30.193984,4523,4523,354684,8,5,5,324.31,378.95,13628232047.444445,14270657979,9,,38
exp1_20260315_v2,2026-03-15T22:18:46.394312,8,bronze_pushdown,7,False,True,success,29.388805198977934,29.340847,4523,4523,354682,8,6,6,353.4025,410.25,13570813976.375,13694268333,8,,38
exp1_20260315_v2,2026-03-15T22:19:16.437783,8,bronze_pushdown,8,False,True,success,30.009053503978066,29.961715,4523,4523,354684,8,7,7,320.89875,372.47999999999996,13654660997.125,14207099593,8,,38
exp1_20260315_v2,2026-03-15T22:19:48.631336,8,bronze_pushdown,9,False,True,success,30.714708018000238,30.658573,4523,4523,354684,8,8,8,365.41555555555556,483.92,13827291383.11111,15229705511,9,,38
exp1_20260315_v2,2026-03-15T22:20:20.458708,8,bronze_pushdown,10,False,True,success,30.060295053001028,30.016534,4523,4523,354683,8,9,9,371.7366666666667,474.58,13683835002.88889,14019907805,9,,38
exp1_20260315_v2,2026-03-15T22:21:15.212712,8,bronze_pushdown,11,False,True,success,53.32526052699541,53.262931,4523,4523,354684,8,10,10,344.35133333333334,437.81,13856157843.333334,14787421397,15,,38
exp1_20260315_v2,2026-03-15T22:21:46.991444,8,bronze_pushdown,12,False,True,success,30.46614593800041,30.411508,4523,4523,354684,8,11,11,338.1744444444444,463.05,13786610363.222221,14080792321,9,,38
exp1_20260315_v2,2026-03-15T22:22:20.095638,8,bronze_pushdown,13,False,True,success,30.21803952998016,30.119939,4523,4523,354683,8,12,12,337.8588888888889,448.5,13796447754.777779,14169480879,9,,38
exp1_20260315_v2,2026-03-15T22:22:52.480071,8,bronze_pushdown,14,False,True,success,30.081332333997125,30.027439,4523,4523,354682,8,13,13,339.80111111111114,406.12,13867423417.444445,14946773492,9,,38
exp1_20260315_v2,2026-03-15T22:23:25.301257,8,bronze_pushdown,15,False,True,success,30.242864781001117,30.185469,4523,4523,354684,8,14,14,343.28222222222223,417.84,13817315233.777779,14823028942,9,,38
exp1_20260315_v2,2026-03-15T22:23:55.117190,8,bronze_pushdown,16,False,True,success,29.571587366983294,29.519736,4523,4523,354683,8,15,15,328.395,408.19,13669377762.375,13865639206,8,,38
exp1_20260315_v2,2026-03-15T22:24:26.271578,8,bronze_pushdown,17,False,True,success,31.122694894002052,31.057952,4523,4523,354683,8,16,16,339.75874999999996,453.75,13723105093.375,14033203751,8,,38
exp1_20260315_v2,2026-03-15T22:24:56.004526,8,bronze_pushdown,18,False,True,success,29.696180179016665,29.65225,4523,4523,354681,8,17,17,329.49625,396.13,13770903249.625,14678166071,8,,38
exp1_20260315_v2,2026-03-15T22:25:27.508963,8,bronze_pushdown,19,False,True,success,30.45573098998284,30.409874,4523,4523,354683,8,18,18,330.32,448.0,13668853415.666666,13798427583,9,,38
exp1_20260315_v2,2026-03-15T22:25:58.101108,8,bronze_pushdown,20,False,True,success,30.346119794994593,30.298074,4523,4523,354684,8,19,19,333.37875,448.53,13743843697.875,14066722531,8,,38
exp1_20260315_v2,2026-03-15T22:26:52.633462,8,bronze_pushdown,21,False,True,success,54.49811089702416,54.441163,4523,4523,354683,8,20,20,352.126,416.66999999999996,13729970949.6,14327243334,15,,38
exp1_20260315_v2,2026-03-15T22:27:22.457741,8,bronze_pushdown,22,False,True,success,29.5344222279964,29.475998,4523,4523,354684,8,21,21,326.8425,415.09000000000003,13871234409.375,15276449982,8,,38
exp1_20260315_v2,2026-03-15T22:27:52.600279,8,bronze_pushdown,23,False,True,success,29.911637628014432,29.853557,4523,4523,354684,8,22,22,322.40375,467.21,13711910626.25,14355777184,8,,38
exp1_20260315_v2,2026-03-15T22:28:22.812231,8,bronze_pushdown,24,False,True,success,30.17596928300918,30.101907,4523,4523,354684,8,23,23,365.7375,402.21999999999997,13622804996.625,13787404951,8,,38
exp1_20260315_v2,2026-03-15T22:28:54.779379,8,bronze_pushdown,25,False,True,success,29.85745503299404,29.781353,4523,4523,354683,8,24,24,315.47777777777776,412.3,13621405818,14003296265,9,,38
exp1_20260315_v2,2026-03-15T22:29:25.136656,8,bronze_pushdown,26,False,True,success,30.33210447401507,30.286573,4523,4523,354684,8,25,25,349.29875,424.95,13894842311.375,15021239166,8,,38
exp1_20260315_v2,2026-03-15T22:29:55.463923,8,bronze_pushdown,27,False,True,success,30.282961024000542,30.237777,4523,4523,354682,8,26,26,378.51875,460.75,13662934262.625,13851999331,8,,38
exp1_20260315_v2,2026-03-15T22:30:25.709229,8,bronze_pushdown,28,False,True,success,30.20973657700233,30.15158,4523,4523,354684,8,27,27,339.07625,426.90000000000003,13741113991.125,14420946182,8,,38
exp1_20260315_v2,2026-03-15T22:30:56.907143,8,bronze_pushdown,29,False,True,success,31.158697794016916,31.101212,4523,4523,354682,8,28,28,326.8722222222222,412.59999999999997,13167457460.555555,14457403073,9,,38
exp1_20260315_v2,2026-03-15T22:31:27.031213,8,bronze_pushdown,30,False,True,success,30.07832097602659,30.032384,4523,4523,354684,8,29,29,347.7125,462.02,12856013874.625,13614998088,8,,38
exp1_20260315_v2,2026-03-15T22:32:25.369895,8,bronze_pushdown,31,False,True,success,56.84151934899273,56.790702,4523,4523,354682,8,30,30,347.57125,444.56,13025988831.125,13754987178,16,,38
exp1_20260315_v2,2026-03-15T22:32:56.952346,8,bronze_pushdown,32,False,True,success,29.615773147990694,29.560111,4523,4523,354683,8,31,31,321.9422222222222,416.03999999999996,13278910604.555555,14819121948,9,,38
exp1_20260315_v2,2026-03-15T22:33:27.016779,8,bronze_pushdown,33,False,True,success,30.028012161987135,29.970443,4523,4523,354683,8,32,32,337.55375000000004,391.83,13674473580.125,13800759618,8,,38
exp1_20260315_v2,2026-03-15T22:33:59.259265,8,bronze_pushdown,34,False,True,success,30.049581618019147,29.998699,4523,4523,354684,8,33,33,318.7633333333333,451.39,13841242806.11111,14377975538,9,,38
exp1_20260315_v2,2026-03-15T22:34:32.254778,8,bronze_pushdown,35,False,True,success,30.974983838008484,30.922876,4523,4523,354684,8,34,34,338.30777777777774,431.47999999999996,13872566334.11111,14776698661,9,,38
exp1_20260315_v2,2026-03-15T22:34:42.767810,8,bronze_federated,1,True,True,success,7.872579293005401,7.826295,630,630,160209,1,0,0,275.74666666666667,335.45,13745800952.666666,13811601892,3,,39
exp1_20260315_v2,2026-03-15T22:34:49.250723,8,bronze_federated,2,True,True,success,5.601885214971844,5.547854,630,630,160195,1,1,1,276.225,396.15,13666989630,13720365295,2,,39
exp1_20260315_v2,2026-03-15T22:34:55.957696,8,bronze_federated,3,True,True,success,6.622831699001836,6.575999,630,630,160196,1,2,2,364.38,375.78999999999996,13862810149.5,13923010995,2,,39
exp1_20260315_v2,2026-03-15T22:35:02.461894,8,bronze_federated,4,True,True,success,6.203965569002321,6.147686,630,630,160209,1,3,3,338.15,341.95,13792185409,13817524248,2,,39
exp1_20260315_v2,2026-03-15T22:35:09.551778,8,bronze_federated,5,True,True,success,7.05479548900621,7.00488,630,630,158480,1,4,4,390.31,429.99,14699608399,15098510827,2,,39
exp1_20260315_v2,2026-03-15T22:35:16.210184,8,bronze_federated,6,False,True,success,6.626178120000986,6.569483,630,630,158480,1,5,5,304.72,310.91,13668963049.5,13724492488,2,,39
exp1_20260315_v2,2026-03-15T22:35:23.306836,8,bronze_federated,7,False,True,success,6.6524133140046615,6.603524,630,630,158675,1,6,6,315.115,368.14,13737794724.5,13753963767,2,,39
exp1_20260315_v2,2026-03-15T22:35:30.290342,8,bronze_federated,8,False,True,success,6.949925271997927,6.896591,630,630,160209,1,7,7,379.53,445.64,13769638928.5,13852901105,2,,39
exp1_20260315_v2,2026-03-15T22:35:36.653003,8,bronze_federated,9,False,True,success,6.331812136981171,6.281391,630,630,159901,1,8,8,353.39,368.18,13681433764.5,13736031019,2,,39
exp1_20260315_v2,2026-03-15T22:35:44.082630,8,bronze_federated,10,False,True,success,7.2098219039908145,7.161782,630,630,160209,1,9,9,340.45000000000005,363.59000000000003,13775332696.5,13837988259,2,,39
exp1_20260315_v2,2026-03-15T22:35:55.220106,8,bronze_federated,11,False,True,success,10.207605564995902,10.151457,630,630,158886,1,10,10,299.74666666666667,418.27,13971852966,14456608253,3,,39
exp1_20260315_v2,2026-03-15T22:36:02.519562,8,bronze_federated,12,False,True,success,6.748848106013611,6.686874,630,630,158675,1,11,11,323.18,407.17,13749518852,13758592180,2,,39
exp1_20260315_v2,2026-03-15T22:36:09.786785,8,bronze_federated,13,False,True,success,7.234335902991006,7.189675,630,630,159028,1,12,12,404.18499999999995,427.09,13755039605.5,13817501181,2,,39
exp1_20260315_v2,2026-03-15T22:36:16.205832,8,bronze_federated,14,False,True,success,6.387934805999976,6.337194,630,630,160196,1,13,13,379.87,459.3,13743601737.5,13759865152,2,,39
exp1_20260315_v2,2026-03-15T22:36:23.526903,8,bronze_federated,15,False,True,success,6.881896396022057,6.834512,630,630,158675,1,14,14,409.91499999999996,424.88,13829136178.5,13938227929,2,,39
exp1_20260315_v2,2026-03-15T22:36:30.705168,8,bronze_federated,16,False,True,success,7.146675598982256,7.100117,630,630,160196,1,15,15,384.45,385.32,13769285558,13773008003,2,,39
exp1_20260315_v2,2026-03-15T22:36:37.519678,8,bronze_federated,17,False,True,success,6.7822625059925485,6.737361,630,630,159901,1,16,16,308.865,334.66,14407161602.5,14879813527,2,,39
exp1_20260315_v2,2026-03-15T22:36:44.566648,8,bronze_federated,18,False,True,success,6.667924626002787,6.624167,630,630,158849,1,17,17,283.535,350.47,13694425620.5,13724962250,2,,39
exp1_20260315_v2,2026-03-15T22:36:53.950752,8,bronze_federated,19,False,True,success,6.487033108016476,6.434775,630,630,158675,1,18,18,286.70666666666665,351.8,13772078965,13856508208,3,,39
exp1_20260315_v2,2026-03-15T22:37:01.284592,8,bronze_federated,20,False,True,success,7.299030109017622,7.242274,630,630,158675,1,19,19,347.40999999999997,351.84,13750931284.5,13872702415,2,,39
exp1_20260315_v2,2026-03-15T22:37:12.796969,8,bronze_federated,21,False,True,success,11.043588597007329,10.976393,630,630,158849,1,20,20,350.82666666666665,414.65000000000003,13814944054,13986340792,3,,39
exp1_20260315_v2,2026-03-15T22:37:20.189098,8,bronze_federated,22,False,True,success,6.359353473992087,6.286251,630,630,158886,1,21,21,316.485,318.06,13920112731.5,14092509112,2,,39
exp1_20260315_v2,2026-03-15T22:37:29.854440,8,bronze_federated,23,False,True,success,7.468702393001877,7.414063,630,630,158693,1,22,22,284.92333333333335,370.7,14142939325.333334,14990098556,3,,39
exp1_20260315_v2,2026-03-15T22:37:38.414444,8,bronze_federated,24,False,True,success,6.748632323986385,6.694479,630,630,159023,1,23,23,318.74333333333334,402.36,13812326108.333334,13826669929,3,,39
exp1_20260315_v2,2026-03-15T22:37:45.889781,8,bronze_federated,25,False,True,success,7.431599458999699,7.387543,630,630,160156,1,24,24,281.995,360.19,13818140812,13931418476,2,,39
exp1_20260315_v2,2026-03-15T22:37:52.726551,8,bronze_federated,26,False,True,success,6.800288812984945,6.73412,630,630,158675,1,25,25,324.765,369.37,13805397467.5,13805666953,2,,39
exp1_20260315_v2,2026-03-15T22:37:59.798718,8,bronze_federated,27,False,True,success,7.036251273006201,6.966393,630,630,160196,1,26,26,369.85,416.98,13644151644,13690197762,2,,39
exp1_20260315_v2,2026-03-15T22:38:06.389568,8,bronze_federated,28,False,True,success,6.564150272984989,6.509042,630,630,158675,1,27,27,362.635,417.33,14459545313,14945301291,2,,39
exp1_20260315_v2,2026-03-15T22:38:13.498027,8,bronze_federated,29,False,True,success,6.85630017000949,6.812051,630,630,158780,1,28,28,341.6,365.12,13631188099,13684696933,2,,39
exp1_20260315_v2,2026-03-15T22:38:20.891159,8,bronze_federated,30,False,True,success,7.363729945005616,7.313761,630,630,158886,1,29,29,404.78,449.28000000000003,13745619198,13766066430,2,,39
exp1_20260315_v2,2026-03-15T22:38:31.309353,8,bronze_federated,31,False,True,success,10.077877845993498,10.035141,630,630,160196,1,30,30,364.71,493.8,13797941043.666666,13970899461,3,,39
exp1_20260315_v2,2026-03-15T22:38:39.911720,8,bronze_federated,32,False,True,success,7.566540664003696,7.516702,630,630,160336,1,31,31,345.64666666666665,404.96,13858106936.666666,14055098017,3,,39
exp1_20260315_v2,2026-03-15T22:38:46.498996,8,bronze_federated,33,False,True,success,6.560181000008015,6.482501,630,630,158675,1,32,32,336.34000000000003,410.98,13777583989,13779427385,2,,39
exp1_20260315_v2,2026-03-15T22:38:53.644379,8,bronze_federated,34,False,True,success,6.8695271530014,6.828074,630,630,158675,1,33,33,336.525,388.05,14089159959,14590599488,2,,39
exp1_20260315_v2,2026-03-15T22:39:00.875431,8,bronze_federated,35,False,True,success,7.2024870729947,7.159213,630,630,158693,1,34,34,421.745,464.55,13776982106.5,13777202308,2,,39
exp1_20260315_v2,2026-03-15T22:39:31.678443,8,silver_persistent,1,True,True,success,29.326815676991828,29.288526,2540,690,,,0,0,353.8775,424.46000000000004,13802864632.875,13982760953,8,,11
exp1_20260315_v2,2026-03-15T22:39:55.860727,8,silver_persistent,2,True,True,success,23.135964791988954,23.111274,2540,690,,,1,1,340.5357142857143,443.14,13916163643.142857,14537159860,7,,11
exp1_20260315_v2,2026-03-15T22:40:19.516760,8,silver_persistent,3,True,True,success,23.625940561993048,23.606003,2540,690,,,2,2,351.02,416.1,13929014241.571428,14845831273,7,,11
exp1_20260315_v2,2026-03-15T22:40:45.810633,8,silver_persistent,4,True,True,success,25.270849499007454,25.249637,2540,690,,,3,3,351.83142857142855,423.03,13767672848.142857,14057889326,7,,11
exp1_20260315_v2,2026-03-15T22:41:12.238491,8,silver_persistent,5,True,True,success,25.30506868500379,25.284306,2540,690,,,4,4,358.16857142857145,457.88,13981346572.714285,14898929067,7,,11
exp1_20260315_v2,2026-03-15T22:41:40.028379,8,silver_persistent,6,False,True,success,27.76323545401101,27.741134,2540,690,,,5,5,397.67,473.89,13908706450.5,14042986962,8,,11
exp1_20260315_v2,2026-03-15T22:42:08.656312,8,silver_persistent,7,False,True,success,27.359087458025897,27.330784,2540,690,,,6,6,357.13125,430.03,13963373959.75,14475849621,8,,11
exp1_20260315_v2,2026-03-15T22:42:33.779794,8,silver_persistent,8,False,True,success,24.227001906983787,24.201788,2540,690,,,7,7,357.59285714285716,484.37,14045299220.857143,15015008524,7,,11
exp1_20260315_v2,2026-03-15T22:42:59.581002,8,silver_persistent,9,False,True,success,25.052794052986428,25.031581,2540,690,,,8,8,351.77714285714285,443.08,13894308921.285715,13994242858,7,,11
exp1_20260315_v2,2026-03-15T22:43:24.245823,8,silver_persistent,10,False,True,success,24.63430579501437,24.613884,2540,690,,,9,9,360.3914285714286,450.79,14191278376.714285,15171243205,7,,11
exp1_20260315_v2,2026-03-15T22:43:55.207115,8,silver_persistent,11,False,True,success,28.55786618500133,28.531275,2540,690,,,10,10,340.63,446.96,13778040118.375,13974862027,8,,11
exp1_20260315_v2,2026-03-15T22:44:18.945744,8,silver_persistent,12,False,True,success,23.711352831014665,23.686557,2540,690,,,11,11,323.03166666666664,424.96999999999997,13835182617.333334,14413040967,6,,11
exp1_20260315_v2,2026-03-15T22:44:44.153332,8,silver_persistent,13,False,True,success,24.547884170984617,24.519539,2540,690,,,12,12,378.98,445.21,13797471430.285715,13949428817,7,,11
exp1_20260315_v2,2026-03-15T22:45:09.167930,8,silver_persistent,14,False,True,success,24.985825942014344,24.956597,2540,690,,,13,13,382.1457142857143,473.13,13902696630,14776020229,7,,11
exp1_20260315_v2,2026-03-15T22:45:34.557244,8,silver_persistent,15,False,True,success,24.44186910399003,24.420799,2540,690,,,14,14,317.37,388.36,13821561414,14586360093,7,,11
exp1_20260315_v2,2026-03-15T22:45:58.988316,8,silver_persistent,16,False,True,success,24.354759391979314,24.325022,2540,690,,,15,15,371.9528571428571,431.34,13703233806.142857,13837414685,7,,11
exp1_20260315_v2,2026-03-15T22:46:24.209734,8,silver_persistent,17,False,True,success,24.615984231000766,24.59383,2540,690,,,16,16,314.5857142857143,370.12,13881765255,14974249326,7,,11
exp1_20260315_v2,2026-03-15T22:46:48.895267,8,silver_persistent,18,False,True,success,24.335025840991875,24.309975,2540,690,,,17,17,343.51714285714286,443.81,13735925260.857143,13912916350,7,,11
exp1_20260315_v2,2026-03-15T22:47:13.504160,8,silver_persistent,19,False,True,success,24.577053935994627,24.558194,2540,690,,,18,18,329.9585714285714,391.71,13794014124.428572,14517982452,7,,11
exp1_20260315_v2,2026-03-15T22:47:38.639898,8,silver_persistent,20,False,True,success,24.364446255989606,24.345528,2540,690,,,19,19,328.75857142857143,425.46,13666610942.142857,13755833375,7,,11
exp1_20260315_v2,2026-03-15T22:48:06.840239,8,silver_persistent,21,False,True,success,28.173535326001,28.147884,2540,690,,,20,20,330.4525,388.25,13860507211.875,14633514557,8,,11
exp1_20260315_v2,2026-03-15T22:48:32.905862,8,silver_persistent,22,False,True,success,24.516273223998724,24.496864,2540,690,,,21,21,342.07714285714286,430.18,13938396448.285715,15216749303,7,,11
exp1_20260315_v2,2026-03-15T22:48:57.289539,8,silver_persistent,23,False,True,success,23.99268179599312,23.968103,2540,690,,,22,22,317.83142857142855,400.44,13715127655.285715,13810936045,7,,11
exp1_20260315_v2,2026-03-15T22:49:23.523920,8,silver_persistent,24,False,True,success,25.202551221009344,25.181507,2540,690,,,23,23,356.0757142857143,450.3,13937678623.714285,14993931099,7,,11
exp1_20260315_v2,2026-03-15T22:49:48.977120,8,silver_persistent,25,False,True,success,24.4676079369965,24.444273,2540,690,,,24,24,345.01428571428573,435.68,13785730373.428572,13920818419,7,,11
exp1_20260315_v2,2026-03-15T22:50:13.536162,8,silver_persistent,26,False,True,success,24.175080234010238,24.153212,2540,690,,,25,25,344.0785714285714,404.67,13885697715.285715,14808389770,7,,11
exp1_20260315_v2,2026-03-15T22:50:38.578267,8,silver_persistent,27,False,True,success,24.789658020978095,24.766608,2540,690,,,26,26,355.54857142857145,417.33,13914469143.142857,14663193452,7,,11
exp1_20260315_v2,2026-03-15T22:51:02.871144,8,silver_persistent,28,False,True,success,23.693452438979875,23.673917,2540,690,,,27,27,367.59142857142854,409.69,14003460289.714285,15310573786,7,,11
exp1_20260315_v2,2026-03-15T22:51:28.255635,8,silver_persistent,29,False,True,success,24.579824248998193,24.558254,2540,690,,,28,28,340.17571428571426,403.31,14052820057.142857,15040693393,7,,11
exp1_20260315_v2,2026-03-15T22:51:53.703574,8,silver_persistent,30,False,True,success,25.40167150599882,25.379517,2540,690,,,29,29,375.6157142857143,463.8,13886363410.285715,14151775672,7,,11
exp1_20260315_v2,2026-03-15T22:52:23.638501,8,silver_persistent,31,False,True,success,28.52639268198982,28.49763,2540,690,,,30,30,372.52,435.64,14011764037.25,14782099871,8,,11
exp1_20260315_v2,2026-03-15T22:52:49.143204,8,silver_persistent,32,False,True,success,24.9131527460122,24.889328,2540,690,,,31,31,335.76428571428573,439.69,13914773528.714285,14091878913,7,,11
exp1_20260315_v2,2026-03-15T22:53:13.644874,8,silver_persistent,33,False,True,success,24.46214136699564,24.43997,2540,690,,,32,32,345.69142857142856,452.46,14005619755.714285,14512097842,7,,11
exp1_20260315_v2,2026-03-15T22:53:39.025483,8,silver_persistent,34,False,True,success,25.342003145982744,25.318562,2540,690,,,33,33,341.2742857142857,429.89,14209104317,15332419819,7,,11
exp1_20260315_v2,2026-03-15T22:54:07.613683,8,silver_persistent,35,False,True,success,27.67961650399957,27.659121,2540,690,,,34,34,347.61125,420.88,13291102918.25,13828975745,8,,11
