run,condition,records,sha256
1,G2_DERM_CANCER_HISTO,2689,4194f9b298ae75baa1333d959d85d3b296223e989a4d7b09ff8caeb3e75ac2a3
1,G3_CLINICAL_CANCER_PHOTOTYPE,1299,d35914be987fb6829eabe33c70e01b61f0660087939d211a046906fef62a8db8
1,G4_CC_BY_POLICY,3914,c5ca9b701bc19a41d684c9ddf15a1542812dbf54ade858ae755a8334933a8c72
2,G2_DERM_CANCER_HISTO,2689,4194f9b298ae75baa1333d959d85d3b296223e989a4d7b09ff8caeb3e75ac2a3
2,G3_CLINICAL_CANCER_PHOTOTYPE,1299,d35914be987fb6829eabe33c70e01b61f0660087939d211a046906fef62a8db8
2,G4_CC_BY_POLICY,3914,c5ca9b701bc19a41d684c9ddf15a1542812dbf54ade858ae755a8334933a8c72
3,G2_DERM_CANCER_HISTO,2689,4194f9b298ae75baa1333d959d85d3b296223e989a4d7b09ff8caeb3e75ac2a3
3,G3_CLINICAL_CANCER_PHOTOTYPE,1299,d35914be987fb6829eabe33c70e01b61f0660087939d211a046906fef62a8db8
3,G4_CC_BY_POLICY,3914,c5ca9b701bc19a41d684c9ddf15a1542812dbf54ade858ae755a8334933a8c72
